,body,summary,summarized_text,Precision,Recall,F1
0,เมื่อช่วงเช้าของวันที่ 17 ส.ค.59 ร.ต.อ.จักรพล ใจเชื่อม ร้อยเวรสอบสวน สภ.ศรีมหาโพธิ จ.ปราจีนบุรี รับแจ้งจากชาวบ้านว่า มีเหตุระเบิดภายในบ้านพักแห่งหนึ่งในอำเภอศรีมหาโพธิ จังหวัดปราจีนบุรี ทำให้มีผู้ได้รับบาดเจ็บสาหัสจำนวน 2 ราย ทางญาติได้นำส่งโรงพยาบาลศรีมหาโพธิ แต่เนื่องจากมีอาการสาหัส จึงได้ส่งตัวต่อไปยังโรงพยาบาลเจ้าพระยาอภัยภูเบศร อำเภอเมืองปราจีนบุรีทั้งนี้หลังจากรับแจ้ง ร้อยเวรพร้อมด้วย พ.ต.อ.ณรัฐ รัตนจินดา ผกก.สภ.ศรีมหาโพธิ นายพงษ์สิทธิ์ เนื่องจำนงค์ นายอำเภอศรีมหาโพธิ เจ้าหน้าที่ทหาร หน่วยเก็บกู้ระเบิด ภ.จว.ปราจีนบุรี และเจ้าหน้าที่พิสูจน์หลักฐานปราจีนบุรี ได้เดินทางไปตรวจสอบที่เกิดเหตุ เป็นบ้านคอนกรีตชั้นเดียว บริเวณห้องนอนหลังบ้าน พบกองเลือดพร้อมเศษวัตถุระเบิดเป็นจำนวนมาก ส่วนฝาผนัง กระเบื้องหลังคา พบเศษเนื้อมนุษย์และเลือดกระจายไปทั่ว ส่วนที่พื้นห้องทางเจ้าหน้าที่พบเทปพันสายไฟสีดำจำนวนหนึ่ง เจ้าหน้าที่พิสูจน์หลักฐานจึงได้เก็บรวบรวมไว้เป็นหลักฐาน และจากการตรวจสอบวัตถุระเบิดในเบื้องต้น เจ้าหน้าที่สันนิษฐานว่าเป็นระเบิดปิงปองที่มีผู้ผลิตขึ้นมาเองขณะเดียวกัน เจ้าหน้าที่ตำรวจได้เดินทางไปตรวจสอบผู้บาดเจ็บที่โรงพยาบาลเจ้าพระยาอภัยภูเบศร ทราบว่า 2 ราย คือนางไก่ (นามสมมติ) อายุ 49 ปี ข้อแขนขวาขาดจากแรงกระแทกวัตถุระเบิด และ ด.ญ.จินนี่ (นามสมมติ) อายุ 1 ปี ได้รับบาดเจ็บสาหัส เสียชีวิตในเวลาต่อมา และจากการสืบสวนทางเจ้าหน้าที่ตำรวจทราบว่า เจ้าของห้องคือ นายเอ (นามสมมติ) อายุ 19 ปี บุตรชายของนางไก่ และเป็นน้าชายของ ด.ญ.จินนี่ ซึ่งนายเอไม่ได้อาศัยอยู่บ้านที่เกิดเหตุ เนื่องจากไปพักอาศัยอยู่บ้านภรรยา บางครั้งจะมาหามารดาเป็นครั้งคราวจากการสอบถามนายเอ เบื้องต้นทราบว่า ก่อนหน้านี้นายเอได้ชวนเพื่อนชื่อนายแมว (นามสมมติ) อายุ 19 ปี มาดื่มสุรากันที่บ้านพัก โดยนายแมว ได้ลืมระเบิดลูกดังกล่าวไว้ ตนเองจึงนำไปเก็บไว้ในตู้ปลาภายในห้องนอน จนกระทั่งเช้าวันนี้มารดาได้หยิบวัตถุต้องสงสัยที่เป็นระเบิดเพื่อแกะออกดู ปรากฏว่าด้วยความซนของหลานสาว จึงเข้าแย่งเพื่อจะเล่น จนทำให้วัตถุระเบิดร่วงลงพื้น ระเบิดเป็นเหตุให้หลานเสียชีวิตและมารดาได้รับบาดเจ็บสาหัสด้าน นายแมว รับสารภาพว่า ระเบิดลูกดังกล่าว ตนเองเป็นผู้ผลิตขึ้นมาเอง ซึ่งเรียนรู้มาจากยูทูบ และในการผลิตแต่ละครั้งจะไปทำที่บ้านเกาะกะพี้บ้านที่เกิดเหตุ ระเบิดลูกนี้ตนได้ทำไว้นานแล้ว เนื่องจากมีปัญหากับกลุ่มวัยรุ่นด้วยกันในหมู่บ้านเอื้ออาทร ต่อมาสามารถเคลียร์กันได้ นายเอ ก็ได้ขอเอาไว้เองทั้งนี้ทางเจ้าหน้าที่ตำรวจแจ้งข้อกล่าวหา ผู้ต้องหาทั้ง 2 ราย ว่าร่วมกันมีเครื่องกระสุนปืน (ระเบิดปิงปองทำขึ้นเอง) ที่นายทะเบียนไม่สามารถออกให้ได้ กระทำโดยประมาท เป็นเหตุให้ผู้อื่นได้รับอันตรายสาหัสและถึงแก่ความตาย,อุทาหรณ์! โจ๋ชวนเพื่อนมาบ้านตั้งวงกินเหล้าชวนทำระเบิดปิงปอง หวังปาใส่อริ ซ่อนไว้ที่ตู้ปลานานนับเดือน แม่หยิบขึ้นมา หลานวัยขวบเศษแย่งเล่น ตกหล่นพื้นระเบิดสนั่นบ้าน แม่เจ็บสาหัส หลานเสียชีวิต,ในวันที่ 17 สิงหาคม 59 เวลาเช้า ชาวบ้านอำเภอศรีมหาโพธิ จังหวัดปราจีนบุรี แจ้งการระเบิดภายในบ้าน ทำให้มีผู้ได้รับบาดเจ็บสาหัส 2 คน ถูกนำส่งโรงพยาบาลศรีมหาโพธิ และต่อไปยังโรงพยาบาลเจ้าพระยาอภัยภูเบศร เมื่อรับแจ้ง เจ้าหน้าที่จากหลายภาคส่วนไปตรวจสอบและพบวัตถุระเบิดเป็นจำนวนมาก ทางตำรวจสันนิษฐานว่าเป็นระเบิดปิงปองที่บุคคลอื่นมอบให้ผลิต และทราบว่าผู้บาดเจ็บทั้งสองคนนั้นเสียชีวิตในภายหลัง.,0.6529412269592285,0.6954079270362854,0.6735058426856995
1,การดำเนินการวางถุงทรายขนาดใหญ่ หรือบิ๊กแบ็ก เพื่อกั้นน้ำไม่ให้ไหลเข้าสู่พื้นที่กรุงเทพมหานคร ที่สามารถดำเนินการไปแล้วเป็นระยะทาง 2.5 กิโลเมตร ยังคงเหลือระยะทางอีกประมาณ 3.5 กิโลเมตร ซึ่ง พล.อ.อ.สุกำพล สุวรรณทัต รมว.คมนาคม คาดว่า จะสามารถดำเนินการให้แล้วเสร็จภายในวันศุกร์นี้ (4 พ.ย.)แม้จะสามารถวางบิ๊กแบ็กได้บางส่วน แต่ยังไม่ช่วยลดปัญหาน้ำไหลทะลักเข้าพื้นที่กรุงเทพมหานคร เนื่องจากระยะทางที่กำหนดไว้ทั้งหมดคือ 6 กิโลเมตร โดยหลังจากวางบิ๊กแบ็กเสร็จแล้ว จะมีการนำกระสอบทรายไปวางอุดตามช่องว่างระหว่างบิ๊กแบ็ก จากนั้นจะเร่งสูบน้ำออกจากพื้นที่ โดยจะระบายออกทางคลองเปรมประชากรต่อไป ซึ่งปัญหาอุปสรรคสำคัญของการดำเนินการขณะนี้คือ การขนย้ายบิ๊กแบ็กเข้าไปวางตามจุดที่กำหนดไว้ ที่ใช้ได้เพียงรถไฟลำเลียงนำรถแบ็กโฮและบิ๊กแบ็กเข้าไป เพื่อดำเนินการได้เพียงทางเดียวเท่านั้น , การดำเนินการวางถุงทรายขนาดใหญ่คืบหน้าไปแล้วเป็นระยะทางกว่า 2 กิโลเมตรครึ่ง ซึ่ง รมว.คมนาคมยืนยันว่าจะเร่งดำเนินการให้แล้วเสร็จภายในวันศุกร์นี้ เพื่อลดปัญหาน้ำไหลทะลักเข้าพื้นที่กทม.,พล.อ.สุกำพล สุวรรณทัต รมว.คมนาคม คาดว่าจะแล้วเสร็จการวางบิ๊กแบ็กในกรุงเทพฯ ภายในวันศุกร์นี้ (4 พ.ย.) ระยะทาง 2.5 กม. ของเส้นทางทั้งหมด 6 กม. แต่ไม่ช่วยลดปัญหาน้ำทะลัก เนื่องจากบิ๊กแบ็กยังไม่ได้วางทุกส่วน และการขนย้ายบิ๊กแบ็กใช้ทางเดียวเท่านั้น.,0.7445370554924011,0.7952789664268494,0.7690719962120056
2,เมื่อวันที่ 1 ส.ค. 61 ผู้สื่อข่าวรายงานว่า จากสถานการณ์น้ำในแม่น้ำโขง บริเวณพื้นที่ อ.ชานุมาน จ.อำนาจเจริญ ขณะนี้ ระดับน้ำโขงเริ่มเข้าขั้นวิกฤติ หลังจากที่มีฝนตกหนักลงมาอย่างต่อเนื่องในช่วงสัปดาห์ที่ผ่านมา ประกอบกับน้ำที่ไหลสมทบลงมาจากจังหวัดมุกดาหาร ทำให้ระดับน้ำในแม่น้ำโขงเพิ่มสูงขึ้นอย่างรวดเร็ว ล่าสุดอยู่ที่ระดับ 11.08 เมตร ห่างจากจุดวิกฤติเพียงแค่ 1.92 เมตร คือระดับประมาณ 13 เมตร และมีแนวโน้มที่ระดับน้ำจะเพิ่มสูงขึ้นอีก และนับได้ว่าเป็นระดับน้ำที่สูงที่สุดในรอบ 10 ปี ก็ว่าได้ล่าสุด มวลน้ำได้เอ่อล้นตลิ่งเข้าท่วมพื้นที่ทางการเกษตรของชาวบ้าน ที่อยู่ในพื้นที่ลุ่มต่ำปากลำน้ำสาขา ที่บริเวณบ้านหินขัน บ้านโคกสาร บ้านคันสูง บ้านบุ่งเขียว ต.โคกสาร และ บ้านโนนสำราญ ต.ชานุมาน อ.ชานุมาน จ.อำนาจเจริญ เสียหายรวมแล้วกว่า 900 ไร่ และมีแนวโน้มที่น้ำในแม่น้ำโขงจะไหล่เข้าท่วมพื้นที่ทางเกษตรเพิ่มมากขึ้น ตลอดจนบ้านเรือนของประชาชนที่อยู่ติดกับแม่น้ำโขงเบื้องต้น อำเภอชานุมาน ได้สั่งการให้หน่วยงานที่เกี่ยวและท้องถิ่นเฝ้าระวังติดตามสถานการณ์อย่างใกล้ชิด และให้ประชาชนรอฟังประกาศจากทางอำเภอ หากมีระดับน้ำที่สูงขึ้นจนถึงจุดวิกฤติประมาณ 13 เมตร ให้ประชาชนที่อยู่ใกล้ฝั่งแม่น้ำ เร่งอพยพข้าวของขึ้นที่สูงโดยทันที เนื่องจากสถานการณ์แม่น้ำโขงในช่วงนี้ค่อนข้างน้ำผันผวนขึ้นลงอย่างรวดเร็ว และไหลเชี่ยว อย่างไรก็ตาม ทางอำเภอได้มีการจัดเตรียมบุคลากรและอุปกรณ์ช่วยเหลือหากเกิดเหตุการณ์น้ำโขงถึงระดับจุดวิกฤติ.,อำนาจเจริญเข้าใกล้วิกฤติ หลังแม่น้ำโขงล้นตลิ่งท่วมพื้นที่การเกษตรริมฝั่งเสียหายแล้วกว่า 900 ไร่ จ่อท่วมหมู่บ้านใกล้เคียง ทางการแจ้งประชาชนเฝ้าระวังเตรียมพร้อมอพยพ,"เมื่อวันที่ 1 สิงหาคม 61, สถานการณ์น้ำในแม่น้ำโขงบริเวณชานุมาน อำนาจเจริญ อยู่ในภาวะวิกฤติ ระดับน้ำเพิ่มสูงฉับพลันจากฝนตกหนักและน้ำที่ไหลสมทบ เหลืออีกแค่ 1.92 เมตร หรือประมาณ 13 เมตร ก่อนจะถึงจุดวิกฤติ ระดับน้ำสูงสุดในรอบ 10 ปี มักล้นตลิ่งทำให้เกษตรกรที่พื้นที่ลุ่มเสียหายแล้วกว่า 900 ไร่. อัตราการเพิ่มน้ำมีแนวโน้มสูงขึ้น, และอำเภอชานุมานได้สั่งให้เฝ้าระวังสถานการณ์ใกล้ชิด และเตรียมอุปกรณ์ช่วยเหลือหากระดับน้ำถึงจุดวิกฤติ.",0.7142545580863953,0.7980582118034363,0.7538344860076904
3,ถามชาวบ้านหรือยังว่ามีความสุขกับพวกคุณมั้ย???เฝ้าดูมานานจนเอือมระอา หันไปมองอีกซีกให้สบายตาดีกว่าเขากำลังทำอะไรกันอยู่พันธมิตรฝ่ายค้าน 7 พรรคที่ประกอบด้วย เพื่อไทย อนาคตใหม่ ประชาชาติ เสรีรวมไทย เพื่อชาติ เศรษฐกิจใหม่ และพลังปวงชนไทย นัดพบปะแลกเปลี่ยนวางทิศทางการทำงานกันอย่างต่อเนื่องเป้าหมายภารกิจสำคัญคือหยุดยั้งการสืบทอดอำนาจ คสช.อย่างไม่ลดละ แม้จะทำไม่ได้ในทันทีก็ตามแต่ดูเหมือนจะปรามกันในทีว่าอย่าออกไปปลุกระดมก่อม็อบข้างถนนปมนี้ต้องชูจั๊กกะแร้เชียร์อย่างออกนอกหน้า เพราะเห็นด้วยอย่างแรง บ้านเมืองเสียหายกันไปเท่าไหร่แล้ว หากวันนี้จะออกมาชุมนุมฟาดฟันกันอีก ก็ยังมองไม่เห็นโอกาสที่จะจบลงอย่างสันติสวยงามคงเอวังอย่างอเนจอนาถเหมือนเก่าก่อน ฉะนั้นอย่าเพิ่งดีกว่านะโยมแง่มุมหนึ่งที่อยู่ในกรอบกติกา ทำได้แม้จะยากแต่ก็ควรทำ นั่นคือรณรงค์ให้มีการแก้ไขรัฐธรรมนูญเพราะหลายฝ่ายล้วนยอมรับว่ารัฐธรรมนูญฉบับ 2560 มีจุดบอด จุดบกพร่อง ที่จำเป็นต้องแก้ไข แม้ไม่ต้องพูดออกมาตรงๆ ไม่ต้องมีซิกซ์เซนส์ก็ยังสัมผัสได้ยกตัวอย่างง่ายๆ ระบบจัดสรรปันส่วนผสมของการเลือกตั้งนั่นปะไร ออกมาแบบพิสดารแยบยล ว่ากันด้วยเรื่องจุดทศนิยมตัวเลข แปรผันไปแปรผันมา จนคนงงและเกิดเป็นความคับข้องใจเสียมากกว่าเหมือนหลักการมันบิดไปเบี้ยวมาได้ ไม่มีความเสถียร ไม่มีแก่นแกนให้ยึดแบบเข้าใจตรงกันคนในรัฐบาลก็รู้ คนใน กกต.เองก็ต้องรู้เรื่องที่ว่าแน่ยิ่งกว่าแช่แป้ง 1 ไป 2 แล้วไป 3 ยังถูกหยิบยกไปตีความกันวายป่วง นับประสาอะไรกับเรื่องแบบนี้ถ้าไม่ทำให้มันชัดเจน ก็จะยุ่งเหยิงเป็นชนวนวุ่นวายขายปลาช่อนไม่จบสิ้น ชัวร์ป้าดส่วนเรื่องที่เป็นประเด็นใหญ่ตามที่พรรคอนาคตใหม่ตั้งแท่นจ้องรื้อทิ้งคือ มาตรา 272 ที่ให้ ส.ว. 250 คนมาร่วมโหวตนายกรัฐมนตรีใน 5 ปีแรก ยังไงก็เป็นเรื่องยากเหมือนเข็นครกขึ้นภูเขา แต่กระนั้นก็ควรเดินหน้าต่อไปเพราะใครตั้งมาก็ต้องเลือกคนนั้น เห็นกันชัดๆ ผ่านไปหลัดๆ 250 ส.ว.ไม่มีแตกแถวเลยสักคนเหมือนฝ่ายหนึ่งขี่วัว อีกฝ่ายหนึ่งขี่ช้าง สู้กันก็รู้ๆกันอยู่ใครชนะส่วนที่จะแก้มาตรา 279 เพื่อลบล้างคำสั่งและประกาศ คสช.ทั้งหลายแหล่ที่ผ่านมา นั่นเท่ากับว่าไปสกัดจุด คีมึ้ง กล่องดวงใจของ คสช.โดยแท้เรื่องนี้ยากยิ่งกว่ายาก ส.ส.ฝ่ายรัฐบาลคนไหน ส.ว.คนใด จะกล้ามาเห็นดีเห็นงามด้วยล่ะโยมแต่ถึงอย่างไรก็ต้องเดินหน้ารณรงค์ต่อไปอีกนั่นแหละ เรื่องนี้ต้องใจเย็นๆ หาแนวร่วมจากพรรคการเมืองต่างๆ พรรคร่วมรัฐบาล เรื่อยไปจนถึงพรรคแกนนำรัฐบาล และ ส.ว. โดยใช้ตรรกะเหตุผลและเวลาแต่คิดแล้วก็ยังยากอยู่ดี สิ่งที่จะเพิ่มน้ำหนักได้อีกหลายตันคือ ความเห็นชอบจากประชาชนถ้าเกิดกระแสถั่งโถม มองทะลุทะลวงข้อเสียของรัฐธรรมนูญที่บัญญัติไว้ พร้อมปฏิบัติการรณรงค์ให้แก้ไขส.ส.รัฐบาล หรือ ส.ว.คงเอาไม่อยู่ ต้านทานประชาชนลำบากแน่ๆทั่น พระครูพ่อลูกอิน,นั่งดูพรรคร่วมรัฐบาลฟัดกันชามข้าวกระจาย ยื้อแย่งเก้าอี้รัฐมนตรีกันระเบิดเถิดเทิง คนการเมืองฝ่ายรัฐบาลบอกถึงจะเกิดความขัดแย้ง แต่เป็นความขัดแย้งที่มีความสุข,พรรคฝ่ายค้าน 7 พรรครวมอย่างมีความพยายามในการพบปะแลกเปลี่ยนเรื่องทิศทางการทำงานเพื่อหยุดยั้งการสืบทอดอำนาจของคสช. ในวันนี้ ส่งข้อเสนอแนะให้รับฟังและทำความเข้าใจมากขึ้น อย่างหนึ่งในการรณรงค์แก้ไขรัฐธรรมนูญที่มีจุดบกพร่อง โดยเฉพาะระบบการเลือกตั้งที่ทำให้คนงงและเสียความเชื่อมั่นในระบบส่วนใหญ่มุ่งไปที่มาตรา 272 และมาตรา 279 การหาทางแก้อย่างมีวินัยในการดำเนินการและรับฟังความคิดเห็นของประชาชนเป็นสิ่งจำเป็น.,0.6880196928977966,0.7463946342468262,0.7160192728042603
4, ไม่จำเป็นต้องเลือกตั้งเสมอไป และคราวนี้นายกรัฐมนตรีจะเลือก ส.ว. 200 คน ด้วยตนเอง ส่วนอีก 50 คน เลือกโดยกลุ่มอาชีพ เรื่องนี้กลายเป็นประเด็นประเด็นก็คือ ส.ว. ไทยเลือกกันอย่างไร มีคำอธิบายจากนายวิรัตน์ กัลยาศิริ หัวหน้าคณะกฎหมายพรรคประชาธิปัตย์ ว่าตามบทเฉพาะกาลมี ส.ว. 250 คน ให้ กกต. สรรหาจากกลุ่มอาชีพ 200 คน และเสนอให้ คสช. เลือกเหลือ 50 คน ส่วนอีก 200 คน คณะกรรมการสรรหามา 400 คน ให้ คสช. เลือก 194 คน อีก 6 คน มาจากผู้นำกองทัพส่วนสภาขุนนางอังกฤษ อาจเปรียบเทียบได้กับวุฒิสภาไทย แต่มีที่มาและอำนาจหน้าที่ต่างกัน สภาขุนนางอังกฤษมาจากขุนนางที่สืบทอดกันมาเป็นทอดๆ จากรุ่นปู่สู่รุ่นลูกและรุ่นหลาน แต่ไม่มีอำนาจทางการเมือง เป็นเพียงสภาที่สืบทอดมาตามประเพณี เนื่องจากขุนนางอังกฤษเคยมีอำนาจการเมือง ในฐานะเป็น 1 ใน ฐานันดร ของสังคมส่วน ส.ว. ไทย 250 คน ตามรัฐธรรมนูญ 2560 หัวหน้า คสช.เป็นผู้ลงนามรับสนองพระบรมราชโองการโปรดเกล้าฯ แต่งตั้ง จึงเท่ากับมาจากการแต่งตั้งของ คสช. ทั้งหมดมีอำนาจเลือกนายกรัฐมนตรี และมีอำนาจหน้าที่ติดตาม เสนอแนะ เร่งรัดการปฏิรูปประเทศและยุทธศาสตร์ชาติ และให้ความเห็นชอบในการแต่งตั้งองค์กรอิสระ เช่น กกต. และ ป.ป.ช.แสดงว่า คสช. อาจสืบทอดอำนาจต่อไปได้ ไม่ใช่แค่ 5 ปี ตามอายุของวุฒิสภา แต่อาจสืบทอดได้นานถึง 7 ปี ตามวาระการดำรงตำแหน่งขององค์กรอิสระต่างๆ ไม่ว่าจะเป็น กกต. ป.ป.ช. หรือคณะกรรมการตรวจเงินแผ่นดิน (คตง.) อำนาจในการให้ความเห็นชอบ ในการแต่งตั้งเทียบเท่าวุฒิสภาสหรัฐฯ ซึ่งมาจากเลือกตั้งวุฒิสภาหรือสภาสูงของสหรัฐ อเมริกา มีสมาชิกตายตัว 100 คน มาจากการเลือกตั้งของประชาชน รัฐละ 2 คน เป็นสภาสูงที่มีอำนาจมาก เทียบกันไม่ได้กับสภาขุนนางอังกฤษ เพราะวุฒิสภาสหรัฐฯมีอำนาจการเมืองเทียบเท่า ส.ส. และยังมีอำนาจให้ความเห็นชอบในการแต่งตั้งตำแหน่งสำคัญๆ เช่น รัฐมนตรี และผู้พิพากษาศาลสูงสุด เป็นต้นรัฐธรรมนูญ 2560 ระบุว่า กกต. มีอำนาจหน้าที่จัดเลือกตั้งให้เป็นไปโดยสุจริตและเที่ยงธรรม โดยสุจริต คือไม่มีทุจริตหรือโกง ส่วน โดยเที่ยง ต้องเป็นธรรมทุกฝ่าย นายกรัฐมนตรีเลือก ส.ว. 200 คน ขณะที่คนไทยผู้มีสิทธิเลือกตั้ง 50 ล้านคน เลือก ส.ส. ได้ 500 คน ทั้งสองสภามีอำนาจร่วมเลือกนายกรัฐมนตรี เที่ยง ธรรม หรือไม่.,ที่มาของ ส.ว.กลายเป็นประเด็นอีกครั้ง เมื่อนายกรัฐมนตรีซึ่งเพิ่งกลับจากการเยือนยุโรป เล่าว่าได้พบประธานสภาขุนนางอังกฤษ ซึ่งก็คือวุฒิสภา แสดงว่าวุฒิสภามาจากการแต่งตั้งได้,"นายกรัฐมนตรีไทยจะแต่งตั้ง 200 ส.ว.ด้วยตนเอง และอีก 50 คนจากกลุ่มอาชีพ, กรรมการสรรหาของคสช. เลือกเหลือ, ส่วนสภาขุนนางอังกฤษเปรียบเทียบได้โดยวุฒิสภาไทย, แต่มีที่มาและอำนาจหน้าที่แตกต่าง. การเลือกตั้งนายกรัฐมนตรีอยู่ในมือของ ส.ว., และคณะกรรมการสรรหาทั้งหมดอาจสืบทอดอำนาจได้นานถึง 7 ปี, เทียบเท่ากับวุฒิสภาสหรัฐฯ แต่ไม่มีการต่ออายุเหมือนสภาขุนนางอังกฤษ.",0.7224435210227966,0.761733889579773,0.7415686845779419
5,เมื่อวานนี้ (28 พ.ย.2559) ผู้สื่อข่าวรายงานว่า ในพื้นที่ ต.ภูซาง อ.ภูซาง จ.พะเยา มีนวัตกรรมบ้านหมุน 360 องศา โดยเป็นบ้านขนาด 2 ชั้นหลังแรกของเมืองไทย ที่สามารถช่วยประหยัดพลังงานได้เพราะหมุนได้รอบทิศทาง ทั้งเข้ารับสายลม แสงแดด ตลอดจนทิวทัศน์ หลังใช้นวัตกรรมในการทำให้บ้านสามารถหมุนได้ 360 องศานายศิวากร ฝายแก้ว เจ้าของบ้านประหยัดพลังงาน เปิดเผยว่า ได้ทำการศึกษาในเรื่องของการสร้างบ้านมาพอสมควร ต่อมาอยากจะสร้างบ้านเป็นที่พักผ่อนที่สามารถหมุนได้รอบทิศทาง จึงได้ปรึกษากับสถาปนิกในการก่อสร้าง พอสร้างเสร็จพบว่าการสร้างบ้านหลังนี้เพียงหลังเดียวเหมือนกับได้บ้านถึง 4 หลัง เนื่องจากสามารถหมุนรับทิศทางของบรรยากาศได้ทุกมุมมอง ที่สำคัญสามารถประหยัดพลังงานได้เป็นอย่างดี เนื่องจากสามารถหลบแดด ฝน รับลม รับแสง ได้ตามที่ต้องการโดยที่ไม่ต้องใช้แอร์พัดลมด้านนายยุทธนา ปิยะตระกูล สถาปนิก ผู้ที่ออกแบบบ้านหมุน 360 องศา กล่าวว่า บ้านหลังนี้ถือเป็นสุดยอดของนวัตกรรมบ้านหมุน และเป็นบ้านหมุน 2 ชั้นหลังแรกของประเทศไทย ที่ตอบโจทย์ความต้องการของเจ้าของบ้านได้เป็นอย่างดี โดยบ้านหลังนี้ยังนำนวัตกรรมการประหยัดพลังงานโดยเครื่องผลิตไฟฟ้ามาทำการติดตั้งด้วย ,ในพื้นที่ ต.ภูซาง อ.ภูซาง จ.พะเยา มีนวัตกรรมบ้านหมุน 360 องศา นอกจากสามารถชมวิวทิวทัศน์ที่สวยงามรอบทิศทางแล้ว ยังเป็นตัวช่วยประหยัดพลังงานในบ้านด้วย,"เมื่อวานนี้ (28 พ.ย.2559) ในจังหวัดพะเยา, มีบ้านหมุน 360 องศาขนาด 2 ชั้นเป็นครั้งแรกของไทยที่มีประสิทธิภาพในการประหยัดพลังงาน. เจ้าของบ้านนายศิวากรฝายแก้วและสถาปนิกนายยุทธนาปิยะตระกูล สร้างบ้านเพื่อการหมุนรอบทิศทางเพื่อรับแสงแดด, ลม และทิวทัศน์. การออกแบบนี้ช่วยลดการใช้พลังงานโดยสามารถหลบแดดและฝนได้แบบไม่ต้องใช้แอร์หรือพัดลม.",0.7154117226600647,0.7862913012504578,0.7491787672042847
6,เมื่อวันที่ 14 ก.ค.62 นายธนกร วังบุญคงชนะ รองโฆษกพรรคพลังประชารัฐ (พปชร.) เปิดเผยว่า การแถลงนโยบายของรัฐบาลในวันที่ 25 ก.ค.นั้น รัฐบาลมีความพร้อมทุกด้าน ทุกอย่างเสร็จเรียบร้อยแล้ว ส่วนกรณีที่ฝ่ายค้านจะอภิปรายรัฐมนตรีบางท่านนั้น ตนมั่นใจว่า รัฐมนตรีแต่ละท่านสามารถชี้แจงได้โดยเฉพาะในเรื่องคุณสมบัติต่างๆ เพราะมีการตรวจสอบมาแล้วส่วนกรณีที่ นายสมพงษ์ อมรวิวัฒน์ หัวหน้าพรรคเพื่อไทยคนใหม่ ระบุว่า จะยื่นอภิปรายไม่ไว้วางใจรัฐบาล ก่อนปิดสมัยประชุมสภาฯ นั้น เป็นเรื่องที่สามารถทำได้ แต่อยากให้รัฐบาลได้มีเวลาในการทำงานให้กับพี่น้องประชาชนก่อน เพราะมีหลายเรื่องที่รัฐบาลจะต้องเร่งดำเนินการ โดยเฉพาะปัญหาปากท้องของพี่น้องประชาชน ทั้งนี้ หากเป็นไปได้ อยากให้ฝ่ายค้านมาช่วยเหลือประชาชนก่อนจะดีกว่านายธนกร กล่าวอีกว่า เมื่อรัฐบาลแถลงนโยบายเสร็จก็จะดำเนินนโยบายเร่งด่วนทันที โดยเฉพาะการแก้ปัญหาปากท้องให้กับพี่น้องประชาชน การกระตุ้นเศรษฐกิจฐานรากของประเทศ โดยเฉพาะการดูแลราคาพืชผลทางการเกษตร ในส่วนของรัฐมนตรีแต่ละท่านนั้น จะเห็นได้ว่า รัฐมนตรีแต่ละท่านได้เตรียมความพร้อมไว้ทุกด้าน โดยเฉพาะบางท่านได้ลงพื้นที่รับฟังปัญหาของพี่น้องประชาชนก่อนที่จะแถลงนโยบายด้วยซ้ำ รวมถึงการหารือนโยบายที่เกี่ยวข้องกับกระทรวงที่รับผิดชอบ ดังนั้นเมื่อแถลงนโยบายเสร็จก็จะทำงานได้ทันที ,ธนกร ลั่น รมต.พร้อมแจงฝ่ายค้าน ไม่หวั่น พท.ขู่ยื่นอภิปรายไม่ไว้วางใจ แต่อยากให้รัฐบาลได้ทำงานแก้ปัญหาเร่งด่วนให้ประชาชนก่อน,"นายธนกร รองโฆษก พปชร. ระบุว่าวันที่ 25 ก.ค., รัฐบาลพร้อมในการแถลงนโยบาย, ส่วนฝ่ายค้านอาจอภิปรายรัฐมนตรี โดยเชื่อมั่นว่ารัฐมนตรีทุกคนสามารถชี้แจงได้ดี รวมถึงเตรียมงานให้แก่ประชาชน. นายสมพงษ์, หัวหน้าพรรคเพื่อไทยใหม่, จะยื่นอภิปรายไม่ไว้วางใจรัฐบาล แต่นายธนกรขอให้เวลาแก่รัฐบาลในการทำงานก่อน. เมื่อแถลงนโยบายเสร็จเรียบร้อยแล้ว, รัฐมนตรีทุกคนจะดำเนินนโยบายทันท่วงที เพื่อกำหนดนโยบายและดูแลราคานโยบายทางการเกษตรให้แก่ประชาชน.",0.7358856797218323,0.8237987756729126,0.7773645520210266
7,พล.ต.ท.วิทยา ประยงค์พันธุ์ ผู้ช่วย ผบ.ตร. เปิดเผยถึงความคืบหน้าการยกร่างประกาศให้เอกชนเข้ามาดำเนินการยกรถแทนตำรวจจราจรว่า จากการประชุมหารือสัปดาห์ที่ผ่านมา ได้ข้อสรุปเรื่องอัตราค่ายกรถ ดังนี้ รถยนต์ส่วนบุคคลราคา 1000 บาท แต่หากรถยนต์ที่จะต้องใช้การบังคับล้อหลังเพิ่มเติมจะคิดในอัตรา 1500 บาท ส่วนรถบรรทุกตั้งแต่ 6 ล้อขึ้นไป คิดอัตราเริ่มต้นที่ 2000-3000 บาท โดยราคาที่กำหนดนั้น สตช. จะต้องไปดำเนินการแก้ไขประกาศกฎกระทรวง พ.ศ.2534 ฉบับที่ 13 ออกตาม พ.ร.บ.จราจรทางบก พ.ศ.2522 เดิมกำหนดว่า1.รถบรรทุก 10 ล้อขึ้นไปเก็บค่ายกในอัตรา 1000 บาท 2.รถบรรทุก 4-6 ล้อเก็บค่ายกในอัตรา 700 บาท 3.รถยนต์ส่วนบุคคลอัตรา 500 บาท โดยราคาที่มีการกำหนดใหม่นั้นทางคณะทำงานได้พิจารณาแล้วเห็นว่าเป็นราคาที่เหมาะสมแล้ว ซึ่ง สตช.จะร่างระเบียบจะให้เสร็จภายในเดือน มิ.ย.60 จากนั้นจะส่งไปสำนักงานคณะกรรมการกฤษฎีกา ตรวจสอบก่อนที่ประกาศในราชกิจจานุเบกษา อย่างไรก็ตาม ขณะนี้ สตช.ยังมีความกังวลในเรื่องของสถานที่เก็บรักษารถ โดยเฉพาะกรุงเทพฯชั้นในที่ค่อนข้างจะหายากและราคาสูง จึงต้องพิจารณาความคุ้มค่าที่เอกชนจะต้องเช่าพื้นที่หรือไม่ แต่คาดว่าจะมีเอกชนให้ความสนใจอย่างมาก.,จากการประชุมหารือสัปดาห์ที่ผ่านมา ได้ข้อสรุปเรื่องอัตราค่ายกรถ ดังนี้ รถยนต์ส่วนบุคคลราคา 1000 บาท แต่หากรถยนต์ที่จะต้องใช้การบังคับล้อหลังเพิ่มเติมจะคิดในอัตรา 1500 บาท ส่วนรถบรรทุกตั้งแต่ 6 ล้อขึ้นไป คิดอัตราเริ่มต้นที่ ,"พล.ต.ท.วิทยา ผู้ช่วย ผบ.ตร. บอกเรื่องการยกร่างประกาศให้เอกชนบริการยกรถแทนตำรวจจราจร เห็นอัตราค่าบริการรถส่วนบุคคล 1000 บาท, ด้านรถบรรทุก 6 ล้อขึ้นไป 2000-3000 บาท ทั้งนี้ สตช.จะแก้ประกาศกฎกระทรวง พ.ศ.2534 และร่างระเบียบภายใน มิถุนายน 60,แต่ยังมีความกังวลเรื่องพื้นที่เก็บรถในกรุงเทพฯ.",0.6626871824264526,0.698297381401062,0.6800264120101929
8,เป็นประจำทุกปีในช่วงเทศกาลวันแม่ 12 สิงหาคม ที่ ไทยรัฐออนไลน์ จะหาบุคคลติดท็อปเซเลบฯ-คนดัง ของเมืองไทยมาแชร์เรื่องราวประทับใจ โมเมนต์ซึ้งๆ ต่อคุณแม่ และครอบครัวสุดเลิฟ ซึ่งในปีนี้เราก็ได้เซเลบฯ พิธีกรเนื้อหอมอย่าง หนิง-ศรัยฉัตร จีระเเพทย์ (กุญชร ณ อยุธยา) มาเผยเรื่องราวน่ารักๆ ของคุณแม่ (พ.ต.ท.หญิง-ณัฐวินุช หัสดินทร์ ณ อยุธยา) รวมทั้งบทบาทที่เธอได้กลายมาเป็นคุณแม่เต็มตัวให้ได้ฟังกัน เชื่อเถอะว่า เล่นเอาซาบซึ้งกินใจจนกลั้นน้ำตาไว้ไม่อยู่เลยล่ะ วันแม่ปีนี้มีแพลนไปเที่ยวไหนบ้างไม่ได้วางแพลนเที่ยวเลย แต่ว่าเป็นธรรมเนียมประจำทุกปีว่าจะต้องทานข้าวกัน มีเรา มีลูก มีสามี มีคุณแม่เรา คุณแม่สามี แล้วก็มีคุณยายเราด้วย ยังอยู่ครบหมดเลยเป็น 4 รุ่น เรารับงานเป็นพิธีกรวันแม่ (12 สิงหาคม) มาหลายปีต่อเนื่อง พอเสร็จงานก็จะกลับไปทานข้าวกับที่บ้านตลอด ทว่าปีนี้ไม่มีงานก็เลยคิดว่าน่าจะได้เจอกัน ทานข้าวกันเร็วหน่อยถามว่าส่วนใหญ่พากันไปทานร้านไหน เอาจริงๆ แล้วเราทานอะไรตามสะดวกนะ ซึ่งส่วนใหญ่จะทำทานกันเองที่บ้านมากกว่า ที่บ้านจะสะดวกที่สุดแล้ว คือจะคุยกันเสียงดังโวยวาย หรือลูกจะวิ่งเล่นอะไรได้หมด แต่ใจจริงปีนี้ก็มีคิดๆ เหมือนกันว่าอยากจะไปทานข้างนอกบ้าง แต่ด้วยความที่กลัวว่าต้องขับรถไกล รถติดนาน เพราะทุกคนก็มุ่งหน้าไปทานข้างนอกกัน สรุปสุดท้ายก็คงจบลงที่บ้านนี่แหละ เฮฮาตามประสาครอบครัว (หัวเราะร่า)ส่วนตัวแล้วคิดว่า วันแม่ มีความสำคัญมากน้อยแค่ไหน ยังไงบ้างเราคิดว่าสำคัญนะ ในมุมมองที่เราเป็นลูก วันแม่ก็มีอยู่วันเดียวต่อปี เราก็เจอหน้าคุณแม่ตลอดทุกวัน ทานข้าวกันปกติ แต่มันก็เป็นการแสดงให้เห็นถึงความรักที่เรามีต่อแม่ด้วยกัน อาจจะพิเศษหน่อยตรงที่มีของขวัญ มีการ์ดให้ เป็นโอกาสดีๆ ที่เราจะมาเจอกันพร้อมหน้าพร้อมตา เพราะบางทีก็แยกกันทาน ทานกับครอบครัวสามีบ้าง ทานกับครอบครัวตัวเองบ้าง วันแม่ก็เลยถือเป็นโอกาสดีที่เราจะได้ใช้ช่วงเวลาอยู่ด้วยกันกับคุณแม่ของเราส่วนในฐานะที่เราเป็นแม่ ตอนนี้ลูกเราอาจจะยังเล็กอยู่ แต่เขาก็รู้แหละว่าวันแม่เป็นวันสำคัญ และก็ชอบมีอะไรมาเซอร์ไพร์สเรา เคยมีครั้งหนึ่งเขาทำการ์ดวันแม่มาให้ เราก็ดีใจ และชื่นใจนะ แต่อย่างไรก็ดีสิ่งสำคัญสุด คือการที่ลูกเห็นอะไรที่เราทำให้คุณแม่ของเรา คุณแม่สามี และคุณยายของเรา แล้วเมื่อเขาเห็นเราทำเป็นแบบอย่าง วันหนึ่งเขาก็จะทำให้เราแบบนี้เหมือนกันเมื่อได้มาเป็นคุณแม่เต็มตัวแล้ว เป็นยังไงบ้าง ก็ดีนะ เป็นบทบาทที่เราทำแล้วมีความสุข แล้วมันก็สอนให้เราไม่ยึดติด การที่เรามีลูกจากที่เคยบ้าช็อปปิ้ง หรืออะไรก็ตามแต่ กลายเป็นว่าตอนนี้เราขี้เกียจ ทำงานเสร็จก็อยากรีบกลับบ้านไปเจอหน้าลูก-เล่นกับลูก มันทำให้ชีวิตเรามีจุดมุ่งหมายมากขึ้น ขยันทำงานมากขึ้น และตัวลูกเองก็สอนอะไรดีๆ ให้กับเราเยอะเหมือนกันแบ่งเวลางานกับครอบครัวยังไง ? งานพิธีกรจะมีเป็นช่วงๆ ฉะนั้นช่วงที่เราไม่มีงานก็ให้เวลากับครอบครัว อย่างเสาร์-อาทิตย์ เราเทเวลาให้ลูกกับสามีตลอด รวมถึงคุณแม่ของเราเองด้วย เราจะหาเวลาไปเที่ยวพักผ่อนใช้เวลาด้วยกัน แต่จันทร์-ศุกร์ ถ้าเรามีงานก็รับอีเวนต์ปกติ เราเป็นคนเลี้ยงลูกเอง ตั้งแต่อาบน้ำ-แต่งตัวให้ลูก ขับรถไปรับส่งลูกเองที่โรงเรียน (ซึ่งถ้าวันไหนไม่ทันก็จะเป็นคุณแม่เราทำหน้าที่แทน โรงเรียนอยู่ใกล้บ้านขับรถไม่ถึง 1 นาที) กลับถึงบ้านปุ๊บตัวตนของเราก็ให้เวลากับลูกหมดเลย เต็มที่กับลูก ทำงาน 100 เปอร์เซ็นต์ ทำหน้าที่แม่ก็ 100 เปอร์เซ็นต์เหมือนกันปีนี้มีเตรียมของขวัญเซอร์ไพรส์อะไรให้คุณแม่ไหม ไม่มี ไม่เคยมีเลยเรื่องเซอร์ไพรส์ เพราะปกติทุกๆ ปีเราจะทำเหมือนกันหมด คือเป็นที่รู้กันว่าในวันสำคัญๆ หรือโอกาสแบบนี้ก็ต้องมาเจอหน้ากัน ทานข้าวกัน คุยกันโมเมนต์ความประทับใจในตัวคุณแม่ พอเรามีลูกแล้ว มันก็ทำให้เราย้อนกลับไปนึกถึงภาพเก่าๆ เหมือนกันนะ ว่าตอนนั้นคุณแม่ก็เคยทำแบบนี้ให้เรา แล้วตอนนี้เรามาทำให้ลูกบ้าง หรืออันนี้ที่เราทำให้ลูก เอ๊ะ มองกลับไปคุณแม่ก็เคยทำให้เราไม่ต่างกัน ทุกอย่างมันสะท้อนให้เห็นว่าคุณแม่รักเรามากแค่ไหน ดูแล-เอาใจใส่เราขนาดไหน ทุกสิ่งที่คุณแม่ทำให้คือ ความประทับใจ ซึ่งทุกวันนี้คุณแม่ยังคงดูแลเราอย่างดีมาโดยตลอด ไม่มีโมเมนท์ไหนเป็นพิเศษ ตั้งแต่เด็กยันโตไม่ว่าจะเป็นเรื่องอะไร คุณแม่ทำทุกอย่างให้เราด้วยความรักทั้งหมดเหมือนที่เราทำให้กับลูก เพราะฉะนั้น ณ เวลานี้เขายังอยู่กับเรา เราก็ควรจะดูแลเขาให้มากที่สุดสนิทกับคุณแม่แค่ไหน และมีวิธีบอกรักกันยังไงบ้างค่อนข้างสนิทซี้กันเลยนะ เพราะคุณแม่ห่างกับเราแค่ 19 ปี มีะไรก็คุยปรึกษากันตลอด ถามว่ามีวิธีบอกรักยังไง ด้วยความที่เราโตเมืองนอก การกอดหอมเป็นเรื่องปกติอยู่แล้ว ไม่มีเคอะเขิน บางทีถ้าอยู่ไกลกันก็เมสเสจหากันบ้าง หรือโทรหากันบ้าง พอจบบทสนทนาก็จะพูดคิดถึง บอกรักคุณแม่ตลอดจริงๆ เด็กสมัยนี้ หรือคนส่วนใหญ่ไม่ค่อยที่จะเอ่ยคำบอกรัก หรือแสดงความรัก อย่างการกอด-การหอมกับคุณพ่อคุณแม่เท่าไหร่ แต่เราอยากจะบอกว่า ทำไปเถอะ ไม่จำเป็นต้องรอโอกาสพิเศษอะไร การแสดงความรัก หรือบอกรักท่านง่ายๆ มันทำได้ทุกวัน เพราะเราไม่สามารถรู้ได้ว่าท่านจะอยู่กับเราไปอีกนานถึงเมื่อไหร่ อย่าบอกรักท่านเมื่อตอนสายไปแล้วจนต้องมาเสียใจภายหลัง และเราก็เชื่อว่าท่านรอที่จะให้คุณแสดงความรักตอบกลับเหมือนกัน ทำให้ท่านรับรู้หน่อยแสดงความรักกับลูกยังไงบ้างในฐานะคุณแม่ ? ง่ายๆ เลย ก็กอด หอมแก้มกัน อยู่ด้วยกันก็ทำแบบนี้กันตลอดเวลา หอมแก้มส่งเข้านอน ไม่รู้นะตอนนี้เขายังเด็ก อีกหน่อยเขาอาจจะไม่อยากหอมแล้วก็ได้ ตอนนี้เราก็ตักตวงเวลาการหอมไปก่อน (หัวเราะ)คำสอนไหนของคุณแม่ที่จำขึ้นใจ และปฏิบัติตามจนทุกวันนี้สอนไม่ให้ดูถูกคน และด้วยความที่คุณแม่เป็นตำรวจก็จะเน้นเรื่องระเบียบวินัย การตรงต่อเวลามาก ไม่ว่าจะไปที่ไหนทำอะไรก็แล้วแต่ ยิ่งเรามาทำงานเป็นพิธีกรแบบนี้เรื่องวินัยเป็นสิ่งสำคัญ ถ้าเราขาดวินัยกับตัวเอง หรือขาดความรับผิดชอบก็ทำให้คนไม่อยากร่วมงานกับเรา และไม่มีทางที่จะก้าวหน้าในสายงานได้ แม้แต่ในเรื่องมารยาททางสังคม เช่น การเข้าคิว การอ่อนน้อมถ่อมตน การเจอพูดคุยกับผู้ใหญ่ หรือการทิ้งขยะที่ใดๆ คุณแม่ก็จะคอยพร่ำสอนเสมอ สอนไว้ดีมาก คือเขาไม่อยากให้เวลาเราไปอยู่ที่อื่นแล้วทำตัวเหมือนไม่ได้ผ่านการอบรม ทำอะไรที่น่าอับอายจนคนอื่นมาว่าเราได้ คุณแม่ไม่ได้สอนให้เราแค่ขยันเรียนหนังสือ หรือเป็นคนดี ทว่าเขารู้ว่าการเข้าสังคมก็มีส่วนสำคัญ ฉะนั้นแล้วเราก็ต้องดูแลตัวเอง และก็ทำอะไรที่ไม่ส่งผลกระทบให้เสียชื่อเสียงได้ ซึ่งสิ่งเหล่านี้ที่คุณแม่สอน เราก็นำไปสอนลูกที่ทอดหนึ่งเหตุการณ์ไหนที่ทำให้คุณแม่เสียใจ หรือรู้สึกแย่มากที่สุดมีเหมือนกันนะ แต่มันก็เป็นเรื่องเล็กน้อย เราคิดว่าตัวเองค่อนข้างเป็นเด็กดีพอสมควรนะ ไม่มีอะไรที่ทำให้คุณแม่ต้องเหนื่อย หรือหนักใจเวลาที่เราดื้อมากๆ-ไม่ฟังที่พูด คุณแม่มีมาตรการจัดการยังไงเพราะคุณแม่เป็นตำรวจก็เลยเคร่งในระเบียบวินัย อย่างตอนเด็กๆ เวลาที่เราไม่ฟัง ซนมากๆ หรือทำอะไรที่ไม่ถูกต้อง คุณแม่ก็จะดุ มีตีบ้างเป็นเรื่องปกติ (หัวเราะร่า) คุณแม่เป็นคนที่เนี้ยบ ฉะนั้นบางทีแค่เตือนเราด้วยน้ำเสียงก็เอาอยู่แล้ว กับลูกของเราเองเวลาซนมากๆ ไม่เชื่อฟัง หรือทำอะไรผิดขึ้นมา เราก็ดุเหมือนกัน ใช้มาตรการเดียวกันกับคุณแม่เลย แต่ว่าเราไม่ลงโทษลูกด้วยการตีนะ ถ้าหนักๆ เลย เราจะลงโทษด้วยการเพิกเฉย ไม่สนใจ ไม่คุยด้วย ทีนี้พอลูกรู้แล้วว่าเราไม่คุยด้วย เขาก็จะรู้ตัวว่าเขาผิด และสักแป๊บหนึ่งจะเดินมาขอโทษ-มาง้อเราเอง เราก็จะสอนลูกว่าทำแบบนี้มันไม่ถูกต้อง อะไร ยังไง คุยกันด้วยเหตุผลสุดท้ายวันแม่ปีนี้อยากจะอวยพรอะไรเป็นพิเศษขอให้คุณแม่มีความสุข สุขภาพแข็งแรง และอยู่กับเราไปนานๆ เพราะตอนนี้คุณแม่มีอายุมากขึ้น 60 ปีแล้ว เรื่องสุขภาพคงเป็นสิ่งสำคัญที่สุด มันเหมือนเป็นช่วงวัยที่ต้องดูแลสุขภาพ ยิ่งดูแลสุขภาพดีเท่าไหร่ อีกหน่อยก็จะได้ไม่ต้องนอนเจ็บป่วยอยู่ในโรงพยาบาล,เป็นประจำทุกปีในช่วงเทศกาลวันแม่ 12 สิงหาคม ที่ ไทยรัฐออนไลน์ จะหาบุคคลติดท็อปเซเลบฯ-คนดัง ของเมืองไทยมาแชร์เรื่องราวประทับใจ โมเมนต์ซึ้งๆ ต่อคุณแม่ และครอบครัวสุดเลิฟ ซึ่งในปีนี้เราก็ได้เซเลบฯ พิธีกรอย่าง หนิง ศรัยฉัตร,"จากความสนทนาของคุณแสดงให้เห็นถึงการเรียนรู้และยอมรับมุมมองและการอบรมของคุณแม่ซึ่งมีส่วนสำคัญในการช่วยเหลือตัวเอง และลูก ด้านของการทำงานเป็นพิธีกร การยึดถือวินัยและความรับผิดชอบเป็นสิ่งที่จำเป็นและจะทำให้คุณได้โอกาสในการก้าวหน้าในสายงานได้อย่างต่อเนื่อง แม้แต่การใช้มารยาททางสังคม การเข้าคิว หรือการทิ้งขยะ ล้วนจำเป็นต้องมีการดูแลและมุ่งหวั่นใจในตนเองให้อยู่เสมอ 

ด้านของความรับผิดชอบในการอบรมลูก การสอนลูกเรื่องวินัยและความรับผิดชอบจะช่วยเสริมสร้างข้อคิดที่ถูกต้องในการดำเนินชีวิตของพวกเขา แม้บางครั้งอาจจะใช้มาตรการทางกายหรืออารมณ์ในการสอนลูกแต่ยังไงก็ตาม การแสดงความรับผิดชอบอย่างนี้เป็นการต้นแบบที่ดีสำหรับลูก 

ส่วนของวันแม่ปีนี้ คุณแสดงออกถึงความหวังและความปรารถนาในการให้คุณแม่มีสุขภาพที่แข็งแรงและอยู่กับเราไปนาน ๆ ยิ่งในช่วงวัยที่มีอายุมากขึ้น การดูแลสุขภาพของแม่จะเป็นความสำคัญในการรักษาปัจจัยที่เกี่ยวข้องกับสุขภาพที่ดี 

รวมทั้ง การชื่นชมและแสดงขอบคุณต่อความพยายามของแม่ในอดีต และการยอมรับและการยึดถือหลักปริญญาที่ได้จากการอบรมของแม่นำให้เราดำเนินชีวิตอย่างมันจะเป็นสิ่งที่ทำให้เรารู้สึกขอบคุณและรักแม่มากขึ้น 

ย้อนกลับไปในอดีต คุณแม่ได้มอบหลักการเหล่านี้ให้กับคุณ เพื่อที่จะมุ่งหวังในการทำดี และอยู่บนเส้นทางของความสำเร็จ คุณแม่ยังสร้างบรรยากาศที่ส่งเสริมในการฝึกฝนและการพัฒนาตนเองอย่างต่อเนื่อง",0.6357740759849548,0.6829009056091309,0.6584953665733337
9,ด้วยเหตุผลยอดฮิต ไม่มีเวลา และขอมุ่งเรื่องงานเจอ เป๊ก ในกองละคร มงกุฎริษยา ช่อง 8 ทั้งที ไม่ปล่อยให้เธอลอยนวลห่างกับม่านฟ้าแล้ว? ไม่ได้คุยกันประมาณสองเดือนแล้วครับ แต่อย่าใช้คำว่าห่างเลย เพราะว่าช่วงนี้ เราสองคนก็ต่างคน ต่างทำงานหนักมาก ก็เลยไม่ได้เจอกันเลย ถ้าใช้คำว่าห่าง มันจะดูเหมือนว่าเป็นแฟนกัน งั้นสถานะตอนนี้คืออะไร? เราพูดตั้งแต่แรกว่าไม่ได้คบกัน เราเป็นแค่เพื่อนกัน รู้จักกัน ผมก็พูดตรงๆ ยอมรับว่าก็จีบเค้า แต่ตอนนี้ผมขอยกธงขาวแล้วกัน ไม่จีบ ดีกว่า เพราะผมไม่ค่อยมีเวลา อยากจะให้ตัวเองได้มีเวลาดูแลเค้ามากกว่านี้ มันทำให้รู้สึกว่าเราไม่เต็มที่ สาเหตุที่ลดความสัมพันธ์? เรื่องงานเลยครับ ผมบอกตรงๆ ขอโฟกัสเรื่องงานก่อน เพราะทางผู้ใหญ่ที่ช่อง 8 ก็เอ็นดูเรา และให้ความสำคัญกับเรามาก อยากทำออกมาให้ดีที่สุด อีกอย่างหนึ่งคือ ผมไม่มีเวลา สู้ไม่คุยดีกว่า เสียเวลาทั้งเค้าและผม ไม่ได้มีมือที่สาม? ไม่มีหรอกครับ เพราะว่าเราไม่ได้เป็นอะไรกันครับจีบไม่ติดนอยมั้ย? ไม่เลยครับ ถามว่าผมรักมั้ย ยังไม่ได้ถึงขั้นรัก แค่ชื่นชมที่เค้าเป็นคนเก่ง มีความสามารถ มีสาวคนใหม่ดามใจยัง? ยังไม่มีครับ แล้วหัวใจผมไม่ต้องดามด้วย เพราะผมไม่ได้เป็นอะไรนะ ก็ใช้ชีวิตอยู่กับงาน ครอบครัว แฮปปี้กับงานมากๆ ไม่หวั่นไหวกับสาวๆ ในละครมงกุฎริษยามั่งหรือ สวยๆทั้งนั้น? ไม่หวั่นไหวนะ เพราะเรารู้จักกันทุกคนอยู่แล้ว เป็นเพื่อนกันอยู่แล้วครับ รักกันแค่ในละครเท่านั้นครับ ได้ข่าวเลิฟซีนดุเดือด? สุดๆครับ มีกระชากมาจูบด้วย บอกเลยว่า ยิ่งตอนท้ายๆ ก็ยิ่งสนุกมากกว่านี้อีกครับ บทแบบนี้ สาวๆมองเจ้าชู้นะ? จริงๆ ต้องบอกว่า มันคือการแสดง สาวๆ ไม่ต้องกลัวครับ (หัวเราะ) เพราะมันแตกต่างกับชีวิตจริงค่อนข้างเยอะเหมือนกันครับ.,ก่อนหน้านี้ออกตัวแรงว่าขายขนมจีบ ม่านฟ้า–อรปภัตร จันทรสาขา แต่ตอนนี้ พระเอกหนุ่ม เป๊ก–รัฐภูมิ ไข่นาค ขอยกธงขาว ถอยห่างความสัมพันธ์เหลือแค่เพื่อนซะแล้ว ,"ในละคร ""มงกุฎริษยา"" ของช่อง 8, ทั้งนี้และที่ผ่านมา เป๊ก และคนอื่นไม่ได้ห่างกัน เพราะการทำงานหนักทำให้ไม่มีเวลาพบกัน แต่นั่นไม่ใช่ความสับสนทางการคบหา. เขารับสารภาพว่าเคยจีบเธออยู่, แต่ตอนนี้เลิกจีบแล้วเพราะมีเวลาจำกัด และเน้นการทำงานมากกว่า ส่วนที่ลดความสัมพันธ์ มาจากการทำงานที่รุกขจรและมีความสำคัญทางการค้า. เขารู้สึกว่าทั้งสองคนไม่ได้อยู่ในสถานะแฟนกัน แต่เป็นเพื่อนกันที่เก่ง, 有能力 และดามใจให้กับเขาอย่างเท่าเทียมกัน.",0.6881290674209595,0.7421035766601562,0.7140978574752808
10,เป็นอีกคดีทางการเมืองที่ประชาชนให้ความสนใจและติดตามกันไม่น้อย กับการถอดถอนและตัดสิทธิ์ทางการเมือง อดีตนายกฯ หญิงคนแรกของประเทศ น.ส.ยิ่งลักษณ์ ชินวัตร ในฐานะประธานคณะกรรมการนโยบายข้าวแห่งชาติ (กขช.) โดยการลงมติของคณะกรรมการป้องกันและปราบปรามการทุจริตแห่งชาติ หรือ ป.ป.ช.ในข้อหามีพฤติการณ์ไม่ระงับยับยั้งการทุจริตและความเสียหาย กรณีนโยบายประชานิยม ทักษิณคิด ยิ่งลักษณ์ทำ โครงการรับจำนำข้าวเกวียนละ 15000 บาท และระบายข้าว โดยรัฐบาลเป็นผู้ซื้อ และเป็นตัวกลาง ในการดูแลสต๊อกข้าวทั้งหมด ซึ่งเริ่มการรับจำนำตั้งแต่ ปี 2554 และต่อเนื่องเรื่อยมาอีกหลายฤดูกาลโดยทีดีอาร์ไอสรุปความเสียหายโครงการรับจำนำข้าวของรัฐบาลยิ่งลักษณ์ ตั้งแต่ปี 2554-2557 พบว่า โครงการดังกล่าว ทำให้รัฐเสียหายทั้งสิ้นกว่า 9.6 แสนล้านบาท และมีเม็ดเงินคอร์รัปชันทั้งกระบวนการ 1.09 แสนล้านบาทย้อนกลับไปในปี 2554 นโยบายประชานิยม โดยเฉพาะการรับจำนำข้าวไม่ใช่เรื่องใหม่ หากแต่ราคาที่พุ่งสูงกว่าราคาซื้อขายตามปกติในช่วงเวลาดังกล่าว ซึ่งอยู่ที่ 8000-9000 บาท กลายเป็น 15000 บาท หรือเกือบหนึ่งเท่าตัว กลายเป็นฐานเสียงชั้นดีในการหาเสียงเลือกตั้ง ส่งผลให้ น.ส.ยิ่งลักษณ์ ชินวัตร และพรรคเพื่อไทย ชนะการเลือกตั้งได้เป็นรัฐบาลในปี 2554 และได้ดำเนินโครงการรับจำนำข้าวตามที่ประกาศไว้ตั้งแต่ 7 ต.ค. 2554 เป็นต้นมากระทั่ง ปี 2555 หลังจากเปิดรับจำนำข้าวได้เพียง 1 ปี เริ่มมีเสียงเตือนจากหลายฝ่าย โดยเฉพาะในกลุ่มนักวิชาการ กรมการค้าข้าว และนักเศรษฐศาสตร์ รวมไปถึงองค์กรนานาชาติด้านเศรษฐกิจ ว่าโครงการดังกล่าวอาจสร้างความเสียหายอย่างใหญ่หลวงให้กับประเทศ และอาจทำให้ประเทศไทยเสียแชมป์การส่งออกข้าวโลก ที่เคยเป็นอันดับหนึ่งมานานกว่า 31 ปี ขณะที่ สถาบันวิจัยเพื่อการพัฒนาประเทศไทย (ทีดีอาร์ไอ) ได้ออกโรงเตือนในเรื่องนี้ว่า จะทำให้เกิดปัญหาขาดทุนและการทุจริต ตั้งแต่ก่อนดำเนินโครงการ ฝ่าย ป.ป.ช.เอง ก็ยื่นหนังสือถึงอดีตนายกฯ ให้ยุติโครงการรับจำนำข้าวก่อนดำเนินโครงการเช่นกัน และยื่นอีกครั้ง หลังดำเนินโครงการไปแล้วประสบปัญหาขาดทุนที่สำคัญกลุ่มชาวนาได้ออกมาร้องเรียนว่า ราคาข้าวที่รัฐตั้งไว้เกวียนละ 15000 บาท จำนำได้จริงเพียง 10500-11000 บาท และมีขบวนการสวมสิทธิ์ นำข้าวคุณภาพต่ำจากประเทศเพื่อนบ้านมาร่วมจำนำด้วยไม่เพียงเท่านั้น ปี 2555 ยังเป็นปีแรก ที่ประเทศไทยเสียแชมป์การส่งข้าวออกนอกประเทศให้กับอินเดีย โดยมีนโยบายรับจำนำข้าวเป็นหนึ่งในกลไกที่ทำให้ตกอันดับ เหตุจากมีข้าวรับจำนำค้างอยู่ในสต๊อกของรัฐเป็นจำนวนมาก โดยรัฐเองก็ไม่สามารถระบายข้าวได้ทัน กระทั่ง ปี 2557 ก็ยังไม่สามารถทวงแชมป์คืนมาได้ตอกย้ำปัญหารับจำนำข้าวให้ระอุขึ้น จากกรณีคำชี้แจงของ น.ส.สุภา ปิยะจิตติ รองปลัดกระทรวงการคลัง อดีตประธานคณะอนุกรรมการปิดบัญชีโครงการจำนำข้าว ได้เปิดเผยเมื่อวันที่ 30 ก.ย. 2556 ว่า เมื่อตรวจสอบบัญชีโครงการรับจำนำข้าวสิ้นสุดวันที่ 31 พ.ค. 2556 พบว่า โครงการรับจำนำข้าวเปลือกของรัฐใน 2 ปีการผลิต จากปี 2554-2556 มีผลขาดทุนเฉลี่ยปีการผลิตละ 2-2.6 แสนล้านบาท รวมขาดทุน 4-5 แสนล้านบาท ส่งผลให้ สำนักงานการตรวจเงินแผ่นดิน (สตง.) เข้าตรวจสอบโครงการดังกล่าวอย่างเร่งด่วน และพบว่ารัฐใช้เงินงบประมาณไปกับการรับจำนำข้าวใน 2 ปีการผลิตสูงถึง 6.77 แสนล้านบาท เกินกรอบวงเงินที่กำหนดไว้จำนวน 5 แสนล้านบาท แถมยังระบายข้าวได้เพียง 1.28 แสนล้านบาท เท่ากับมีภาระหนี้ค้างชำระกับธนาคารเพื่อการเกษตรและสหกรณ์การเกษตร (ธ.ก.ส.) 5.48 แสนล้านบาท พร้อมตรวจพบการทุจริต และเกษตรกรไม่ได้รับความเป็นธรรม จากนั้น สตง.มีหนังสือเตือนเรื่องโครงการรับจำนำข้าวต่อรัฐบาล น.ส.ยิ่งลักษณ์ ถึง 4 ฉบับไม่ต่างจาก กระทรวงการคลังที่ทำหนังสือถึงคณะรัฐมนตรี เพื่อย้ำเตือนปัญหารับจำนำข้าวว่า เริ่มส่งผลกระทบต่อสถานะทางการคลัง ถึง 2 ครั้ง ยิ่งเมื่อการบริหารประเทศโดย รัฐบาลปู เริ่มไม่เข้าตาประชาชน โดยมีโครงการรับจำนำข้าวเป็นหนึ่งสาเหตุหลัก พระสุเทพ ปภากโร หรือ นายสุเทพ เทือกสุบรรณ อดีตสมาชิกพรรคประชาธิปัตย์ และแกนนำ กปปส.ที่ประกาศนำกลุ่มมวลมหาประชาชนขับไล่รัฐบาลยิ่งลักษณ์ และพรรคเพื่อไทย กลายเป็นม็อบที่ยิ่งใหญ่มีคนร่วมมากที่สุดในประวัติศาสตร์การเมืองประเทศไทย และแกนนำ กปปส. ได้นำกลุ่มประชาชนเข้าร่วมกดดัน ไม่ให้ธนาคารออมสิน และธนาคารเพื่อการเกษตรและสหกรณ์ (ธ.ก.ส) ปล่อยกู้แก่รัฐบาล เพื่อนำไปหมุนจ่ายเป็นค่าจำนำข้าวที่รัฐยังติดชาวนาไว้กว่าแสนล้านบาทแต่นั่นก็ไม่สามารถทัดทานการพยายามเดินหน้าโครงการรับจำนำข้าวจากรัฐบาลได้ เป็นเหตุให้พรรคการเมืองอย่างประชาธิปัตย์ยื่นอภิปรายไม่ไว้วางใจคณะรัฐมนตรีในประเด็นทุจริตดังกล่าว รวมไปถึงขั้นตอนการระบายข้าวที่รัฐบาลอ้างว่า ได้ทำสัญญาแบบจีทูจี หรือ รัฐบาลต่อรัฐบาลกับประเทศจีน แต่ไม่มีความโปร่งใสและชัดเจน หลังจากนั้น วันที่ 9 ธ.ค. 2556 รัฐบาล น.ส.ยิ่งลักษณ์ ชินวัตร ก็ประกาศยุบสภา ถือเป็นการปิดฉากการทำงานของนารีขี่ม้าขาว และหลายฝ่ายคิดว่าโครงการรับจำนำข้าวจะปิดตัวลงไปด้วยเช่นกันทว่า กลับไม่เป็นเช่นนั้น แม้จะมีสถานะเป็นรัฐบาลรักษาการ แต่ น.ส.ยิ่งลักษณ์ พร้อมพรรคพวก ก็พยายามจะสานต่อโครงการรับจำนำข้าว โดยมีเสียงจากกลุ่ม คณะกรรมการประชาชนเพื่อการเปลี่ยนแปลงประเทศไทยให้เป็นประชาธิปไตยที่สมบูรณ์อันมีพระมหากษัตริย์ทรงเป็นประมุข หรือ กปปส. แย้งว่าติดขัดข้อกฎหมาย รัฐบาลมีอำนาจไม่เต็ม จนไม่สามารถทำได้ส่วนโครงการรับจำนำข้าว ที่กลายเป็นประเด็นร้อนในเรื่องการทุจริตกินกันตลอดทาง ตั้งแต่กระบวนการสวมสิทธิ์ จนถึงโรงรับจำนำ และเรื่อยมาถึงการระบายข้าว มีการประมาณการมูลค่าความเสียหายว่า อาจสูงถึง 6.8 แสนล้านบาท (รวมมูลค่าข้าวคงค้าง 17 ล้านตัน ที่ต้องระบายให้หมดภายในปี 2559) และถูกชัตดาวน์แบบถาวรไปเมื่อวันที่ 22 พ.ค. 2557 โดยรัฐบาลทหาร ที่มี พล.อ.ประยุทธ์ จันทร์โอชา นายกรัฐมนตรี ขณะนั้นนั่งหัวโต๊ะเป็นประธานคณะรักษาความสงบแห่งชาติ (คสช.) ก่อนถูกโหวตเลือกให้ขึ้นดำรงตำแหน่งนายกรัฐมนตรี ซึ่งปัญหาเงินค้างจ่ายในโครงการรับจำนำข้าว ได้ถูกแก้ไขโดยรัฐบาลชุดนี้ ด้วยการสั่งกู้เงินผ่าน ธ.ก.ส. นำมาจ่ายหนี้ให้ชาวนาจนเป็นผลสำเร็จขณะที่ กระบวนการติดตามเอาผิดถอดถอนในคดีทุจริตจำนำข้าว ซึ่งค้างอยู่ในวุฒิสภานานหลายเดือนต้องหยุดชะงักลงเพราะรัฐธรรมนูญปี 50 ถูกฉีกด้วยการรัฐประหาร จนมีการคลอดสภานิติบัญญัติแห่งชาติ (สนช.) จาก คสช.ตามโรดแม็ป พร้อมให้อำนาจ สนช.สามารถใช้อำนาจแทนวุฒิสภา (ส.ว.) เดิมได้ แต่กระนั้นก็ยังเกิดการถกเถียงกันอย่างกว้างขวางว่า จะสามารถถอดถอนอดีตนายกฯ หญิง ตามที่ ป.ป.ช.ยื่นเรื่องมาได้หรือไม่ เนื่องจากหลายฝ่ายเห็นว่าอาจไม่มีอำนาจทางกฎหมายรองรับทั้งหมดเป็นที่มาของมหากาพย์โครงการจำนำข้าว ทั้งการตั้งเรื่องแถลงเปิดแถลงคดีต่อ สนช. เมื่อวันที่ 9 ม.ค.ที่ผ่านมา จนผ่านขั้นตอนกระบวนการซักถามของ สนช. เมื่อ 16 ม.ค. ซึ่ง น.ส.ยิ่งลักษณ์ ก็ไม่ได้เดินทางมาส่ง แต่อดีตรัฐมนตรีและทีมทนายมาแทน ซึ่งก็ถูกสนช.แก้เกมด้วยการไม่ให้ตอบข้อซักถามแทนเจ้าตัว กระทั่งนัดแถลงปิดคดีวานนี้ (22 ม.ค.) อดีตนายกฯ หญิงได้เดินทางมาแถลงด้วยตัวเอง โดยยังย้ำว่าไม่ได้ทุจริตในโครงการรับจำนำข้าว พร้อมยืนยันว่า ชาวนาจำนวนมากได้รับผลประโยชน์จากโครงการนี้23 ม.ค. 2558 จะกลายเป็นวันประวัติศาสตร์การเมืองไทยอีกหน้าหนึ่งหรือไม่ กับการลงมติถอดถอนอดีตผู้ดำรงตำแหน่งสูงสุดทางการเมือง ซึ่งหากมีมติถอดถอนออกมาจาก สนช.จริง น.ส.ยิ่งลักษณ์จะถูกตัดสิทธิ์ทางการเมืองนานถึง 5 ปี และจะนับเป็นนักการเมืองคนแรกที่ถูกกระบวนการทางสภาถอดถอนออกจากตำแหน่ง รวมทั้งจะเป็นนักการเมืองคนแรกที่ถูก สนช.ถอดถอนสำเร็จ ซึ่งเชื่อว่าอดีตนายกฯหญิงเอง ก็ไม่อยากให้กลายเป็นเช่นนั้น คงต้องมาลุ้นกันดู อีกไม่กี่ชั่วโมงจากนี้ไปก็จะทราบผลแล้วว่าจะรอดหรือไม่ ,ดูกันชัดๆ กับเส้นทางนโยบายประชานิยม รับจำนำข้าว ในแบบฉบับ ทักษิณคิด ยิ่งลักษณ์ทำ ที่กลายเป็นโครงการพ่นพิษ เสี่ยงให้อดีตนายกฯ หญิงถูกลงดาบซ้ำสองด้วยข้อหาไม่ระงับยับยั้งการทุจริต อาจถูกตัดสิทธิ์การเมืองนาน 5 ปี ,"ความเรื่องที่คุณกล่าวมาเป็นเรื่องสำคัญของไทยในปี 2557 และ 2558 โดยมีการยกตัวอย่างกรณีโครงการจำนำข้าวและการถอดถอนผู้ดำรงตำแหน่งสูงสุดทางการเมืองของน.ส.ยิ่งลักษณ์ จากกรณีที่รัฐบาลทหารประกาศชัตดาวน์ Sum และปัญหาเงินค้างจ่ายในโครงการจำนำข้าว ซึ่งมันถูกแก้ไขโดยรัฐบาลชุดนี้ กระบวนการติดตามเอาผิดถอดถอนในการทุจริตจำนำข้าวหยุดชะงักเนื่องจากรัฐธรรมนูญปี 2550 ถูกฉีดด้วยการรัฐประหาร และมีสภานิติบัญญัติแห่งชาติ (สนช.) ทำหน้าที่แทนวุฒิสภา โดยจะมีการลงมติถอดถอนน.ส.ยิ่งลักษณ์ ซึ่งหากได้รับมตินี้จริงๆ มันจะทำให้น.ส.ยิ่งลักษณ์ถูกตัดสิทธิทางการเมืองนาน 5 ปี และเป็นนักการเมืองคนแรกที่ถูกกระบวนการสภานิติบัญญัติแห่งชาติถอดถอนตำแหน่ง

จากข้อมูลดังกล่าว ผมไม่สามารถให้คำตอบเฉพาะว่าจะมีผลออกมาอย่างไร แต่ผมหวังว่านักการเมืองและประชาชนไทยที่กำลังติดตามเรื่องนี้จะได้ทราบผลในไม่กี่ชั่วโมงข้างหน้านี้ และขอให้มีความสุภาพและความรับผิดชอบในการดำเนินกระบวนการทางกฎหมายในกรณีนี้.",0.6646621227264404,0.733984112739563,0.6976051926612854
11,วานนี้ (23 ธ.ค.2562) ผู้อำนวยการศูนย์ดำรงธรรม พร้อมปลัดอำเภอ ทุกจังหวัด กระทรวงมหาดไทย กว่า 300 คน เข้าร่วมโครงการสัมมนาเชิงปฎิบัติการเพื่อเพิ่มประสิทธิภาพศูนย์ดำรงธรรมในการขับเคลื่อนและช่วยเหลือประชาชนนายพิชัยยา ตุระซอง ผอ.กลุ่มงานอำนวยการ สำนักงานจังหวัดร้อยเอ็ด ช่วยราชการกระทรวงมหาดไทย เปิดเผยว่า ศูนย์ดำรงธรรมคือด่านแรกในการให้บริการและแก้ไขปัญหาของประชาชน การเพิ่มความรู้ด้านเทคนิคกระบวนการไกล่เกลี่ยประนีประนอมข้อพิพาท จึงมีความจำเป็นและสำคัญที่เจ้าหน้าที่ศูนย์ต้องมีความรู้ความสามารถ และนำไปใช้ได้จริง จึงประสานหน่วยงานอัยการ รวมถึงหน่วยงานต่างๆมาให้ความรู้บุคลากรด้านนาย ณรงค์ ศรีระสันต์ อัยการผู้เชี่ยวชาญ สำนักงานคุ้มครองสิทธิและช่วยเหลือทางกฎหมายแก่ประชาชน กล่าวว่าการที่จะยุติปัญหาให้กับประชาชนที่มีข้อขัดแย้งกันนั้น ต้องมีศิลปะในการพูดไกล่เกลี่ย สร้างความเข้าใจ สร้างความเป็นธรรมกับทั้ง 2 ฝ่ายและบางปัญหาต้องเชิญหน่วยงานที่เกี่ยวข้องมาร่วมไกล่เกลี่ย ยกตัวอย่างเช่นกรณีรถบรรทุกของบริษัทแห่งหนึ่งชนคนเสียชีวิต การจะให้คนขับมารับผิดชอบเพียงคนเดียว รายได้คงไม่เพียงพอ ดังนั้นการเชิญ นายจ้าง เชิญประกันภัย เชิญหน่วยงานคปภ. และตำรวจน่าจะเป็นทางออกอย่างหนึ่งที่ทำให้ฝ่ายผู้สูญเสียได้รับเงินเยียวยาดีกว่าต้องไปฟ้องร้องต่อศาลซึ่งต้องใช้ระยะเวลายาวนานนอกจากนี้ศูนย์ดำรงธรรมทั่วประเทศ ยังเปิดเผยถึงการรับเรื่องร้องเรียน ในปี2562 พบว่า การขอความช่วยเหลือด้านต่างๆของประชาชนมีจำนวนมาก ต่อมาคือการร้องเรียนเรื่องปัญหาที่ดิน ซึ่งมีความสลับซับซ้อนช่องทางการรับเรื่องร้องเรียน ของศูนย์ดำรงธรรม มี 6 ช่องทางดังนี้1.มารับบริการด้วยตนเอง2.โทรศัพท์สายด่วน 1567 (โทรฟรี 24 ชม.)3.ส่งจดหมาย มาที่ ตู้ ปณ.101 ปณฝ.มหาดไทย กทม.102004.www.damrongdhan.moi.go.th5 App Spond แจ้งเบาะแสหรือร้องเรียน6.App MOI1567 ,กระทรวงมหาดไทยเปิดปฎิบัติการ เพิ่มประสิทธิภาพการทำงานของศูนย์ดำรงธรรมทั่วประเทศ เติมเทคนิคความรู้ด้านกฎหมาย แก้ไขปัญหาข้อพิพาทให้ประชาชน กับอัยการสำนักงานคุ้มครองสิทธิและช่วยเหลือทางกฎหมายแก่ประชาชน,"วานนี้ (23 ธ.ค.2562) มีการจัดสัมมนาของศูนย์ดำรงธรรมทุกจังหวัดเพื่อเพิ่มประสิทธิภาพในการให้บริการและช่วยเหลือประชาชน ผู้อำนวยการกล่าวว่าศูนย์ดำรงธรรมเป็นด่านแรกในการแก้ปัญหาของประชาชน โดยเจ้าหน้าที่ต้องมีความรู้ความสามารถในการไกล่เกลี่ยข้อพิพาท และได้ประสานหน่วยงานอัยการและทั้งหมดจากวันนี้ ศูนย์ดำรงธรรมทั่วประเทศได้รับเรื่องร้องเรียนจำนวนมาก ในปี2562 พบว่าเรื่องความช่วยเหลือของประชาชนมีมาก ตามมาด้วยเรื่องปัญหาที่ดิน, โดยการรับเรื่องร้องเรียนมีช่องทาง 6 อย่าง.",0.7379761338233948,0.7812991142272949,0.7590199708938599
12,หน้ากากย่านอโศก วันที่ 23 ม.ค. คุณหญิงสุดารัตน์ เกยุราพันธุ์ ประธานยุทธศาสตร์พรรคเพื่อไทย นายตรีรัตน์ ศิริจันทโรภาส เลขาธิการกลุ่มเพื่อไทยพลัส นายรัฐภูมิ โตคงทรัพย์ รองโฆษกพรรคเพื่อไทย พร้อมคณะทำงาน เดินเท้าแจกหน้ากากอนามัยป้องกันฝุ่นพิษ PM 2.5 ที่ย่านอโศก บริเวณถนนอโศกมนตรีโดยเริ่มจากสถานีบริการน้ำมันเชลล์ ผ่านตึก GMM อาคารบีบีโฮลดิ้ง และข้ามฟากถนนไปที่แกรนด์คลิว มิดทาวน์ อโศก ซึ่งมีประชาชนพลุกพล่าน แต่ส่วนใหญ่ไม่ได้สวมหน้ากากอนามัย และต่างปลื้มที่ได้รับเเจกหน้ากากกันฝุ่นที่มีคุณภาพ โดยประชาชนที่รับหน้ากากอนามัยส่วนหนึ่งแกะซองสวมใส่ทันที พร้อมกับขอถ่ายภาพคู่กับคุณหญิงสุดารัตน์จำนวนมากจากนั้น เลี้ยวเข้าซอยตลาดรวมทรัพย์ และแจกจ่ายหน้ากากอนามัยแก่พ่อค้าแม่ค้าและผู้มาจับจ่ายใช้สอยภายในตลาด ซึ่งนอกจากจะได้รับการขอบคุณแล้วยังได้รับคำชื่นชมถึงการทำงานของคุณหญิงสุดารัตน์และพรรคเพื่อไทยด้วยคุณหญิงสุดารัตน์ กล่าวว่าจากการใช้ชีวิตประจำวันเข้าใจสภาพและผลกระทบจากฝุ่นพิษ PM 2.5 ทั้งต่อตัวเองและคนในครอบครัว ซึ่งบุตรสาวก็เรียนหนังสือในเมือง แม้มีรถยนต์ส่วนตัวแต่ก็ใช้รถบริการสาธารณะเหมือนกัน ทำให้เห็นว่า เหมือนประชาชนไม่มีทางเลือก คนที่ใช้ชีวิตในกรุงเทพฯ ไม่มีสิทธิ์เลือกอากาศบริสุทธิ์ที่จะใช้หายใจแม้ว่าที่ผ่านมา รัฐบาลประกาศให้ปัญหาฝุ่น PM 2.5 เป็นวาระแห่งชาติ ตั้งแต่เดือนกุมภาพันธ์ 2562 แต่ก็ยังไม่เห็นความคืบหน้าในการแก้ปัญหา ขณะที่ประเทศจีนก่อนหน้านี้มีปัญหาฝุ่นมากกว่าประเทศไทย แต่ได้เริ่มมีมาตรการที่ชัดเจนตั้งแต่ปี 2561 กระทั่งวันนี้ค่าอากาศดีกว่าในเมืองหลวงของไทย ซึ่งรัฐบาลต้องเข้าใจว่า ประชาชนไม่ได้หวังให้ฝุ่นพิษหมดไป ภายในวันสองวันนี้ แต่อยากรู้ว่า ฝุ่นพิษจะหมดเมื่อไหร่ และภาครัฐจะทำอะไรบ้างเพื่อแก้ปัญหานี้ แต่ ปัจจุบันรัฐบาลทำตัวเป็นทองไม่รู้ร้อน นอกจากไม่ช่วยแก้ไขปัญหาแล้ว ยังกล่าวโทษประชาชนเป็นต้นตอปัญหาอีกด้วย พร้อมกันนี้ มีข้อเรียกร้องและข้อเสนอต่อรัฐบาลคือ1.) รัฐบาลต้องเร่งจัดหาหน้ากากอนามัยที่มีคุณภาพให้ประชาชนเข้าถึงได้ในราคาถูก ซึ่งไม่จำเป็นต้องแจกฟรีให้กับทุกคนแต่ต้องจัดหา หรือต้องประชาสัมพันธ์ให้ประชาชนรู้ว่าต้องไปหาซื้อที่ไหน โดยอาจใช้มาตรการลดภาษีให้ผู้ประกอบการ เพื่อให้ประชาชนได้ใช้หน้ากากอนามัยที่มีคุณภาพและราคาถูก2.) รัฐบาลต้องไม่ปกปิดข้อมูลของสถานการณ์ PM 2.5 และต้องให้ความรู้แก่ประชาชนถึงผลกระทบต่อสุขภาพ ให้ประชาชนตระหนักรู้รวมถึงวิธีป้องกันเพื่อชีวิตที่ปลอดภัยในเบื้องต้น ซึ่งการที่รัฐบาลเมินเฉย สร้างความรู้สึกเหมือนว่าไม่แคร์หรือไม่สนใจประชาชนเลยสำหรับบทบาทในสภาผู้แทนราษฎรของพรรคเพื่อไทยนั้น ส.ส.ในสังกัดพรรคก็จะผลักดันให้รัฐบาลออกมาตรการระยะสั้นตามที่กล่าวมาแล้วข้างต้น และมาตรการระยะยาวที่ให้ผลเป็นรูปธรรม เนื่องจากการประกาศเป็นวาระแห่งชาติ แต่ไม่ได้เตรียมการ เมื่อมีปัญหาแล้วค่อยมาแก้ไข ก็จะไม่ทันการณ์อย่างในปัจจุบัน โดยเทียบเคียงกับปัญหาภัยแล้งที่ภาครัฐ เพิ่งจะมาขุดบ่อเมื่อมีภาวะน้ำแล้งแล้ว ย่อมไม่เกิดผลหรือไม่สามารถแก้ปัญหาภัยแล้งได้คุณหญิงสุดารัตน์ ยังกล่าวถึงการแก้ปัญหา PM 2.5 นอกสภาผู้แทนราษฎรของพรรคเพื่อไทยว่า จะช่วยให้ประชาชนเข้าถึงองค์ความรู้เกี่ยวกับปัญหาและพยายามหาผู้สนับสนุนหน้ากากอนามัยที่มีคุณภาพมาแจกจ่ายหรือให้วางจำหน่าย รวมถึงประสานกับผู้ประกอบการที่หากยินดีจัดหาและลดราคาในการจำหน่ายให้กับประชาชน ทางพรรคพร้อมจะประชาสัมพันธ์ให้ เพื่อให้ประชาชนรับรู้และเข้าถึงได้,คุณหญิงสุดารัตน์ เกยุราพันธุ์ ประธานยุทธศาสตร์เพื่อไทย ฉะ รัฐบาลอย่าทำเป็นทองไม่รู้ร้อน เมิน PM 2.5 จี้ จัดหาหน้ากากกันฝุ่น ที่มีคุณภาพ-ราคาถูกให้ประชาชนเข้าถึงได้ นำทีมเพื่อไทยเดินแจก,"คุณหญิงสุดารัตน์, นายตรีรัตน์ และนายรัฐภูมิ พร้อมคณะทำงานพรรคเพื่อไทย, เดินแจกหน้ากากอนามัยป้องกันฝุ่น PM 2.5 ในย่านอโศก มีประชาชนไม่น้อยที่ได้รับหน้ากาก แต่ส่วนใหญ่ไม่สวมใส่ หลังจากนั้น, ส่งมอบหน้ากากแก่พ่อค้าแม่ค้าในตลาด และถูกชมเชยการทำงานของพรรคเพื่อไทย จากการพบปัญหาฝุ่น PM 2.5 ที่ย่านฯ, พาหงส์เน้นไปที่การดำเนินมาตรการแก้ปัญหานี้ โดยขอให้รัฐบาลจัดหาหน้ากากอนามัยคุณภาพและลดภาษีเพื่อผู้ประกอบการ เพื่อยกระดับมาตรฐานการใช้ชีวิตในกรุงเทพฯ และเรียกร้องความโปร่งใสข้อมูลเกี่ยวกับสถานการณ์ฝุ่น PM 2.5. ส่วนพรรคเพื่อไทยจะสนับสนุนมาตรการระยะสั้นและระยะยาวในการแก้ปัญหานี้.",0.694242000579834,0.7624744176864624,0.72676020860672
13,นายปรีดา เชื้อผู้ดี ที่ปรึกษาจุฬาราชมนตรี เชิญดินพระราชทานมาที่มัสยิดเนี๊ยะมาติ้ลและห์ ซอยโรงเรียนวัดลากฆ้อน หมู่ 3 ตำบลหน้าไม้ อำเภอลาดหลุมแก้ว จังหวัดปทุมธานี ซึ่งเป็นสถานที่ตั้งประกอบพิธีทางศาสนาอิสลาม ของนายหวัดดี นิมา หรือ หวังเต๊ะ วัย 87 ปี ศิลปินแห่งชาติ สาขาศิลปะการแสดง เพลงพื้นบ้าน ประจำปี 2531 ที่เสียชีวิตลงด้วยโรคมะเร็งตับ วานนี้ (26 มิ.ย.) เมื่อช่วงเวลา 03.10 น.ด้าน นางศรีนวล ขำอาจ ภรรยานายหวังเต๊ะ กล่าวว่า หวังเต๊ะ เข้มแข็งและต่อสู้กับโรคมานาน โดยเข้ารับการรักษาที่โรงพยาบาลบำรุงราษฎร์ ตั้งแต่เมื่อวันที่ 16 ก.ค.2554 โดยตลอดเวลาจะคอยพูดให้กำลังใจกันตลอด แต่ท้ายที่สุดหวังเต๊ะ จากไปอย่างสงบขณะที่ นางขวัญจิต ศรีประจันทร์ แม่เพลงที่เคยร่วมงานกับหวังเต๊ะ กล่าวว่า รู้สึกใจหายต่อการเสียขีวิตของหวังเต๊ะ แต่เชื่อว่าทุกคนทำใจกันมาก่อนแล้วเพราะว่าป่วยมานานหลายปี ซึ่งในการเล่นลำตัดด้วยกันครั้งสุดท้ายเป็นเวลานานมากแล้ว และเชื่อว่า หวังเต๊ะจะเป็นต้นแบบของในรุ่นหลังต่อไปประวัตินายหวังดี นิมา หรือหวังเต๊ะเกิดเมื่อปี พ.ศ.2468 รวมอายุได้ 87 ปีเป็นชาวตำบลหน้าไม้ อำเภอลาดหลุมแก้ว จังหวัดปทุมธานี คร่ำหวอดอยู่กับเพลงพื้นบ้านมานานกว่า 40 ปี โดยเมื่อปี 2531 ได้รับการประกาศยกย่องเชิดชูเกียรติจาก กรมส่งเสริมวัฒนธรรม ให้เป็นศิลปินแห่งชาติ สาขาศิลปะการแสดง เพลงพื้นบ้าน , ที่ปรึกษาจุฬาราชมนตรี เชิญดินพระราชทานมาประกอบพิธีฝังศพ หวังเต๊ะ ศิลปินแห่งชาติ สาขาศิลปะการแสดง เพลงพื้นบ้าน ที่เสียชีวิตจากโรคมะเร็งตับ วานนี้ (26 มิ.ย.)โดยญาติได้จัดพิธีศพตามแบบของศาสนาอิสลาม ที่มัสยิดในจังหวัดปทุมธานี,"นายปรีดา เชื้อผู้ดี, ที่ปรึกษาจุฬาราชมนตรี, เชิญพระภักดีมาประทับที่มัสยิดเนี๊ยะมาติ้ลและห์ ซึ่งเป็นสถานที่ประกอบพิธีศาสนาอิสลามของศิลปินแห่งชาติสาขาศิลปะการแสดง เพลงพื้นบ้าน หวังเต๊ะ. เสียชีวิตด้วยโรคมะเร็งตับเมื่อวาน (26 มิ.ย.), ที่นายปรีดาเชิญพระภักดีโปรดมาตามเวลา 03:10 น. ญาติและพันธุ์เพลงมีความเศร้าแต่ทราบว่าเขาทำใจในการต่อสู้กับโรคมาอย่างยาวนาน.",0.7612238526344299,0.8137213587760925,0.7865976691246033
14, ว่า โครงการสู่มาตุภูมิ เป็นโครงการที่ พม.โดยศูนย์อำนวยการรับเด็กเป็นบุตรบุญธรรม กรมกิจการเด็กและเยาวชน (ดย.) จัดขึ้นเพื่อติดตามผลเด็กไทยที่เป็นบุตรบุญธรรมในครอบครัวชาวต่างประเทศ และพาบุตรบุญธรรมไทยกลับมาเยี่ยมสถานสงเคราะห์ที่เด็กเคยอยู่ เพื่อค้นหาอัตลักษณ์ของตนเอง และส่งเสริมความรู้ ความเข้าใจ เรียนรู้ขนบธรรมเนียมประเพณีศิลปวัฒนธรรมไทย ให้เด็กเกิดความรักภาคภูมิความเป็นไทยซึ่งได้จัดมาแล้ว 8 ครั้ง ครั้งนี้นับเป็นครั้งที่ 9 ซึ่งจัดขึ้นเนื่องในโอกาสครบรอบ 40 ปี ของการจัดตั้งศูนย์อำนวยการรับเด็กเป็นบุตรบุญธรรม โดยกำหนดจัดขึ้นวันที่ 5-14 ก.ค. มีครอบครัวบุตรบุญธรรมที่เดินทางมาร่วมงานจาก 16 ประเทศ จำนวน 115 ครอบครัว รวม 360 คน มีกิจกรรมที่น่าสนใจ อาทิ การเข้าพบและคารวะนายกรัฐมนตรีหรือผู้บริหารระดับประเทศของไทย การเยี่ยมสถานสงเคราะห์ที่บุตรบุญธรรมไทยเคยพำนักอาศัยก่อนจะถูกรับเป็นบุตรบุญธรรมในครอบครัวชาวต่างประเทศ และการเยี่ยมชมสถานที่ท่องเที่ยวทางวัฒนธรรมด้านนางเทพวัลย์ ภรณวลัย รองอธิบดี ดย.กล่าวว่า ศูนย์อำนวยการรับเด็กเป็นบุตรบุญธรรมตั้งขึ้นมา 40 ปี มีเด็กไทยที่ถูกรับไปเป็นบุตรบุญธรรมแล้วกว่า 13000 คน ใน 30 ประเทศทั่วโลก ประเทศที่รับไปดูแลมากที่สุดคือ สหรัฐอเมริกา ฝรั่งเศส เยอรมัน สวีเดน และสวิตเซอร์แลนด์ อย่างไรก็ตาม สถานการณ์เด็กถูกทอดทิ้งตามที่สาธารณะปัจจุบันเฉลี่ยมีปีละ 100 กว่าคน ถือว่าดีขึ้นกว่าเดิมที่มีกว่า 200 คน โดยหลักการของ ดย.จะต้องพยายามค้นหาครอบครัวเด็กให้พบเพื่อให้เด็กได้อยู่กับครอบครัว หากไม่พบหรือครอบครัวไม่มีความสามารถหรือความเหมาะสมที่จะดูแลก็จะนำเข้าสู่การดูแลของสถานสงเคราะห์เด็ก.,นายอภิชาติ อภิชาตบุตร รองปลัดกระทรวงการพัฒนาสังคมและความมั่นคงของมนุษย์ (พม.) กล่าวในการแถลงข่าว โครงการสู่มาตุภูมิ ครั้งที่ 9,"โครงการสู่มาตุภูมิ จัดโดยศูนย์อำนวยการรับเด็กเป็นบุตรบุญธรรม และดย. เพื่อค้นหาอัตลักษณ์ของบุตรบุญธรรมที่อยู่ในครอบครัวชาวต่างประเทศ และส่งเสริมความเข้าใจเรื่องศิลปวัฒนธรรมไทย ได้จัดแล้ว 8 ครั้ง ในครั้งที่ 9 เรียกเดินทางจาก 16 ประเทศ, รวม 360 คน มีกิจกรรมเช่น การเข้าพบนายกรัฐมนตรี และเยี่ยมสถานสงเคราะห์.",0.6588655710220337,0.7015461921691895,0.6795363426208496
15, จ.ร้อยเอ็ด พบไหหินโบราณในลำห้วยทราย ประหลาดใจ ตั้งตากฝนแท้ๆ แต่ไม่มีน้ำขัง จะยกก็ยกไม่ขึ้น ต้องให้กระจ้ำหมู่บ้านมาทำพิธี ก่อนนำมาเก็บที่วัดสุนทรธรรมารามเมื่อวันที่ 9 ก.ย.62 ผู้สื่อข่าวได้รับแจ้งจาก นายทนาวัน โพธินาม ชาวบ้านหมู่ที่ 5 ต.ขามเปี้ย อ.โพธิ์ชัย จ.ร้อยเอ็ด ว่า เมื่อ 2 กันยายน 2562 ได้เดินทางออกไปสำรวจความเสียหายจากน้ำท่วมจากพายุโพดุล ไปตามลำห้วยทราย กวาดสายตามองไปยังฝั่งตรงกันข้าม พบเห็นไหหินตั้งอยู่ริมฝั่งลำห้วย จึงเดินอ้อมไปข้ามสะพานไม้ศรีโพธิ์ชัยร่วมใจประชารัฐ มายังจุดที่ไหหินตั้งอยู่ ปรากฏว่าภายในไหหินไม่มีน้ำขังอยู่ทั้งๆ ที่ฝนตกติดต่อกันโดยตลอดมาขณะที่เกิดเรื่องประหลาดเมื่อพยายามจะยกขึ้นจากพื้นเพื่อนำไปเก็บไว้ แต่ยกไม่ขึ้น จึงอธิษฐานขอให้ยกขึ้นจะนำมาเก็บรักษาไว้ที่วัดสุนทรธรรมาราม ที่อยู่ในหมู่บ้านโคกกุง แล้วยกขึ้นอุ้มจากบริเวณน้ำท่วมขังได้ พยายามอุ้มเดินไปตามลำห้วยทราย แต่นำ้ได้ไหลเชี่ยวไม่สามารถอุ้มข้ามลำห้วยไปได้ กลับไปนำเอาเชือกที่กระท่อมนามาผูกไหหินติดไว้กับโคนต้นยูคาลิปตัสริมห้วย แล้วจึงมาแจ้งให้ผู้ใหญ่บ้านและชาวบ้านทราบต่อมา (8 ก.ย.62) ผู้แจ้งนำพากระจ้ำ หรือเฒ่าจ้ำประจำหมู่บ้าน และชาวบ้านบางส่วนนำดอกไม้ธูปเทียนไปสักการะ นำมาเก็บรักษาไว้ที่วัดสุนทรธรรมารามให้ประชาชน หรือเด็กเล็กรุ่นหลังได้ศึกษาต่อไปจากการสอบถาม นายทองสุข ประเสริฐสังข์ ผู้ใหญ่บ้านโคกกุง กล่าวว่า ตั้งแต่เกิดมาจนอายุขนาดนี้ยังไม่เคยพบเห็นไหหินแบบนี้ และมีฝนตกโดยตลอด แต่ภายในไหหินไม่มีน้ำขังแม้แต่หยดเดียว.,ชาวบ้านโพธิ์ชัย จ.ร้อยเอ็ด พบไหหินโบราณในลำห้วยทราย ประหลาดใจ ตั้งตากฝนแท้ๆ แต่ไม่มีน้ำขัง จะยกก็ยกไม่ขึ้น ต้องให้กระจ้ำหมู่บ้านมาทำพิธี ก่อนนำมาเก็บที่วัดสุนทรธรรมาราม,"ชาวบ้านจ.ร้อยเอ็ด, ในวันที่ 9 ก.ย.62, เดินสำรวจความเสียหายจากพายุโพดุลพบไหหินโบราณอยู่ริมลำห้วยทรายที่ไม่มีน้ำขัง, แม้ฝนจะตกติดต่อกัน เนื่องจากยกไม่ขึ้นได้ พยายามอุ้มแต่น้ำไหลเชี่ยว. เพื่อนำไปเก็บรักษาที่วัดสุนทรธรรมาราม ชาวบ้านจึงทำพิธีก่อนนำไป, และผู้ใหญ่บ้านมาแจ้งให้ทราบต่อ.",0.7976507544517517,0.8610071539878845,0.8281189203262329
16, นำทีมผู้กำกับแถวหน้า ปรัชญา ปิ่นแก้ว ก้องเกียรติ โขมศิริ และ ชูเกียรติ ศักดิ์วีระกุล พร้อมทีมนักแสดง อาทิ สุรศักดิ์ วงษ์ไทย ม.ร.ว.มงคลชาย ยุคล โอบนิธิ วิวรรธนวรางค์ อิษยา ฮอสุวรรณ ชวินโรจน์ ลิขิตเจริญสกุลอริศรา วงษ์ชาลี อัญชลี หัสดีวิจิตร ศุทธสิทธิ์ พจน์ฐศักดิ์ ธนาภัค จงใจพระ ชนิกานต์ ตังกบดี ด.ช.ฐิรพจน์ ต่วนสวัสดิ์ ณัชชาภัทร แสงฤทธิ์ และบุญส่ง นาคภู่ ร่วมใจสร้างสรรค์และส่งต่อ ของขวัญ ภาพยนตร์ที่สร้างจากหนึ่งแรงบันดาลใจแห่งหัวใจคนไทย เพื่อสร้างพลังใจให้คนไทยทั้งประเทศได้ก้าวต่อไปอย่างเข้มแข็งโดยโปรดิวเซอร์ และผู้กำกับนนทรีย์ได้เผยว่า เราได้รับแรงบันดาลใจจาก พระบาทสมเด็จพระเจ้าอยู่หัว รัชกาลที่ 9 มาโดยตลอดทั้งจากในพระราชกรณียกิจและพระราชดำรัสของพระองค์ท่าน และพวกเราคนทำหนังเองก็อยากทำสิ่งที่ดีที่สุดไว้ให้กับคนดู เรื่อง ของขวัญ นี้ก็เช่นเดียวกันที่เราทุกคนพยายามทำงานกันอย่างเต็มที่เพื่อที่จะส่งต่อแรงบันดาลใจ ส่งต่อสิ่งที่ท่านทำไว้ให้กับคนไทยทุกคนผ่านสื่อภาพยนตร์ที่เราถนัด คือการใช้คำสอนของพระองค์ท่านมาเป็นที่ยึดเหนี่ยวจิตใจ และเป็นแรงบันดาลใจในการดำเนินชีวิตของทุกๆคน เรานำเอาคอนเซปต์นี้มาแบ่งเป็น 4 เรื่อง จากความร่วมมืออย่างเต็มใจของ 4 ผู้กำกับ The Letter (ปรัชญา ปิ่นแก้ว)-การผจญภัยอันล้ำค่าของเด็กน้อยบ้านไกลที่อยากจะส่งจดหมายถึงพ่ออันเป็นที่รักยิ่ง ดอกไม้ในกองขยะ ()-ความรักและความอบอุ่นของครอบครัวสามารถจรรโลงสังคมให้ดีขึ้นได้ไม่ว่าจะอยู่ในฐานะหรืออาชีพใดสัจจะธรณี (ก้องเกียรติ โขมศิริ)-หญิงสาวกับการเดินทางตามหารากเหง้าของผู้เป็นพ่อ และศรัทธาแห่งชีวิตของตัวเธอเอง เมฆฝนบนป่าเหนือ (ชูเกียรติ ศักดิ์วีระกุล)-การออกค่ายของกลุ่มนักศึกษาไฟแรงที่ต้องเผชิญหน้ากับความขัดแย้งของชาวบ้านในพื้นที่ ผมรู้สึกว่าสิ่งที่น่าสนใจมากๆของหนังเรื่องนี้คือ การสะท้อนภาพที่เป็นมาเป็นไปของสังคมในปัจจุบันนี้ ซึ่งเราพยายามที่จะสะท้อนให้ภาพนี้มันชัดเจนที่สุด ผมอยากให้คนดูหนังเรื่องนี้แล้วมันสามารถจะกระตุ้นความรู้สึกบางอย่าง หรือให้ฉุกคิดในเรื่องบางเรื่อง หรือทำให้สิ่งที่พวกเขาหาทางออกไม่ได้ให้มันผ่านพ้นไปได้ คนไทยได้รับ ของขวัญ ที่ดีที่สุดในทุกๆวันมากว่า 70 ปีไม่เคยขาดจากพ่อ วันนี้ผมอยากให้หนังสั้น 4 เรื่องนี้เป็นตัวแทนในการส่งต่อของขวัญให้คนที่รักพ่อเพื่อเป็นพลัง และแรงขับเคลื่อนในการมีชีวิตอยู่ของพวกเรากันต่อไป 28 ตุลาคมนี้ ดูฟรีที่โรงภาพยนตร์ทั่วประเทศ.,นนทรีย์ นิมิบุตร นำทีมผู้กำกับแถวหน้า ปรัชญา ปิ่นแก้ว ก้องเกียรติ โขมศิริ และ ชูเกียรติ ศักดิ์วีระกุล พร้อมทีมนักแสดง อาทิ สุรศักดิ์ วงษ์ไทย ม.ร.ว.มงคลชาย ยุคล โอบนิธิ วิวรรธนวรางค์ อิษยา ฮอสุวรรณ,"โปรดิวเซอร์และผู้กำกับนำทีมนักแสดงใหญ่รวมใจสร้างภาพยนตร์""ของขวัญ""จากแรงบันดาลใจของพระบาทสมเด็จพระเจ้าอยู่หัว รัชกาลที่ 9, เพื่อส่งต่อความคิดและคำสอนให้กับคนไทย. เนื้อเรื่องประกอบด้วย 4 เรื่องที่สะท้อนภาพของสังคมในปัจจุบัน, ก่อนจะปล่อยวันที่28ตุลาคมทุกโรงภาพยนตร์ทั่วประเทศ.",0.6220464706420898,0.6286265850067139,0.625319242477417
17,ทีมเทนนิสไทยประเดิมผลงานวันแรกด้วยการตุน 3 เหรียญทองแดงมาไว้ในมือได้แล้ว ขณะที่ เอิร์ธ เพียงธาร ผลิพืช และ จูเนียร์ วิชยา ตรงเจริญชัยกุล สองความหวังในประเภทเดี่ยว พลาดท่าตกรอบอย่างน่าเสียดายวันที่ 2 ธ.ค.62 การแข่งขันเทนนิสซีเกมส์ ครั้งที่ 30 ที่สนามริซาล เมมโมเรียล เทนนิส คอร์ต กรุงมะนิลา ประเทศฟิลิปปินส์ ทีมเทนนิสไทยสามารถคว้ามาได้แล้ว 3 ทองแดง จากหญิงเดี่ยว ออมสิน อัญชิสา ฉันทะ มือ 733 ของโลก มือวาง 3 ของรายการที่ติดทีมชาติชุดซีเกมส์ครั้งแรก หลังลงหวดรอบก่อนรองชนะเลิศเอาชนะ ชาร์เมน ซิ ยี่ ซีห์ นักเทนนิสสิงคโปร์ 2-0 โดย 7-6(3) 6-2 ผ่านเข้ารอบรองชนะเลิศได้สำเร็จขณะที่ คู่ผสม รอบก่อนรองชนะเลิศ ต้อง สรรค์ชัย รติวัฒน์ กับ แทมมี่ แทมมารีน ธนสุกาญจน์ พบกับ คิม โรมาน อิกลูปาส กับ ฟรานซิส เคซีย์ เบลเดโรล อัลแคนทาร่า คู่นักหวดเจ้าถิ่นฟิลิปปินส์ ท่ามกลางกองเชียร์เจ้าถิ่นล้นสนาม ผลปรากฎว่าสองนักหวดจอมเก๋าของไทยเอาชนะไป 2-0 เซต ด้วยสกอร์ 6-4 และ 7-5 คว้าเหรียญทองแดงในมือแล้วเช่นเดียวกับคู่ของ ต้น สนฉัตร รติวัฒน์ กับ อีฟ พัชรินทร์ ชีพชาญเดช ที่ในรอบก่อนรองชนะเลิศช่วยกันหวดชนะ จาเวย์เรียห์ นอร์ดิน กับ โมฮัมหมัด เอกิล ซเย็ด นากิบ จากมาเลเซีย 2-0 เซตด้วยสกอร์ 6-2 และ 6-2ส่วนประเภทหญิงเดี่ยว เอิร์ธ เพียงธาร ผลิพืช นักหวดมือ ของโลก มือวาง 1 ของรายการ พลาดท่าแพ้ พริสกา เมเดลีน นูโกรโฮ จากอินโดนีเซีย 0-2 เซตด้วยสกอร์ 1-6 และ 4-6 ตกรอบไปอย่างน่าเสียดายประเภทชายเดี่ยว รอบ 16 คน จูเนียร์ วิชยา ตรงเจริญชัยกุล มือ 628 ของโลก มือวาง 2 ของรายการ พบกับ ชาร์มิรุล ชาห์ริล โมฮัมหมัด จากมาเลเซีย ซึ่ง วิชยา โดนตะคริวขึ้นในเซตสุดท้าย ทำให้พ่ายไป 1-2 เซต 7-6(5) 4-6 3-6 ตกรอบไปอย่างน่าเสียดาย.,ทีมเทนนิสไทยประเดิมผลงานวันแรกด้วยการตุน 3 เหรียญทองแดงมาไว้ในมือได้แล้ว ขณะที่ เอิร์ธ เพียงธาร ผลิพืช และ จูเนียร์ วิชยา ตรงเจริญชัยกุล สองความหวังในประเภทเดี่ยว พลาดท่าตกรอบอย่างน่าเสี,"ทีมเทนนิสไทยเริ่มการแข่งขันวันแรกด้วยได้ 3 เหรียญทองแดงจากออมสิน, คู่ผสม และจูเนียร์ วิชยา ในซีเกมส์ครั้งที่ 30. ออมสินชนะรอบรองชนะเลิศนักเทนนิสสิงคโปร์. สรรค์ชัยและแทมมี่เอาชนะคู่ผสมจากฟิลิปปินส์, ส่วนจูเนียร์วิชยาพ่ายไปในเซตสุดท้ายต่อมาเลเซีย.",0.6873552799224854,0.7154766321182251,0.7011340856552124
18,เห็นช่วงนี้ไฮโซหนุ่ม ป๊อก ภัสสรกรณ์ จิราธิวัฒน์ เจ็บตัวเพราะเอ็นสะโพกฉีก แล้วหวานใจอย่างนางเอกสาววิก 3 มาร์กี้ ราศรี บาเล็นซิเอก้า จะคอยดูแลยังไงบ้าง พอได้เจอ มาร์กี้ งานเปิดตัวพรีเซ็นเตอร์คนใหม่แบรนด์ Baby Bright ณ บริษัท คาร์มาร์ท จำกัด (มหาชน) ซ.เพชรเกษม 45 เลยถามไถ่อาการของหนุ่มป๊อกว่าเป็นยังไงบ้าง รวมทั้งถามถึงเรื่องที่หนุ่มป๊อกโพสต์แซวมาร์กี้ ไปคอมเมนต์ไลฟ์ไอจีของนักร้องหนุ่มคนดังระดับโลก จัสติน บีเบอร์ ด้วยซึ่ง มาร์กี้ เผยถึงอาการเอ็นสะโพกฉีกของ ป๊อก ว่า ตอนนี้ทำกายภาพบำบัดอาทิตย์ละประมาณ 4 วัน เพราะว่ามันค่อนข้างเป็นเยอะเหมือนกัน ตอนแรกต้องผ่าตัด แต่ได้ลองไปหาหลายๆ หมอดูว่าถ้าไม่ผ่าตัดจะทำยังไงได้บ้าง เลยต้องกายภาพ และต้องทำเองที่บ้านด้วย เพื่อที่จะให้มันซ่อมแซมตัวเอง ร่างกายคนเรามันสามารถซ่อมแซมตัวเองได้อยู่แล้ว แต่ถ้าสมมติเราไม่ทำทุกวัน ไม่ดูแล มันก็อาจจะหนักขึ้นไปอีก การใช้ชีวิตต้องมีไม้เท้าตลอดมั้ย? ถ้าสมมติว่าต้องเดินเร็ว หรือทิ้งน้ำหนักเยอะก็จะมีไม้เท้า แต่ถ้าปกติไม่ต้องทำงานแอคทีฟมาก เค้าจะเดินช้าๆ ซึ่งบางทีเราก็จะลืม อย่างไปเดินห้างลิฟท์เปิด หนูก็จะเดินพรวดไปเลย ก็จะได้ยินเสียงเค้าบอกว่าช้าๆ หน่อย หันไปเค้ายังไม่ออกจากลิฟท์เลย ต้องเดินช้ามาก ถามเราช่วยอะไรมั้ย ถ้าต้องเดินเยอะๆ จะให้เค้านั่งรถเข็นไปเลย สะดวกด้วย เราลงภาพแซวเค้านั่งรถเข็น? ไปทานข้าวปกติค่ะ สำหรับเรามันก็ไม่ได้เดินไกลมาก แต่คนที่เจ็บเดินนิดหน่อยก็เจ็บแล้วก็ต้องนั่งรถเข็นเอาป๊อกเครียดมั้ยไม่ได้ออกกำลังกายเลย? ใช่ นี่ไม่ได้ออกกำลังกายมา 3 เดือนแล้ว เพราะว่าตั้งแต่ไส้ทะลุออกจากผนังท้องค่ะ หลังจากนั้น 2 เดือนเค้าก็รู้สึกเจ็บ สะโพกก็ไม่คิดว่าเป็นอะไร เค้าก็ออกกำลังกายเดินก็ปวดปกติ ผ่านไป 2 วันเดินไม่ได้เลย จนต้องไปหาหมอและพบว่ากล้ามเนื้อสะโพกฉีกจนจะขาด ก็งงว่าเกิดจากอะไร เพราะตั้งแต่เค้าผ่าตัดลำไส้มา ก็ไม่ได้ออกกำลังกายหรือทำอะไรเลย อะไหล่หลุดซะแล้ว ตอนนี้เค้าก็รักษาด้วยการฝังเข็มและออกกำลังกายแบบเบาๆ ให้กล้ามเนื้อที่มันเสีย แข็งแรงขึ้น ซึ่งต้องใช้เวลาประมาณ 2 เดือน โชคดีที่ไม่ต้องผ่า ถ้าผ่าจะเดินไม่ได้เลยเดือนนึง เค้าก็เลยไม่อยากผ่า พอทำงาน ก็จะกระโดดไม่ได้ ต้องยืนนิ่งๆ เฉยๆ ถ่ายละครมันก็โอเคอยู่นะ เดินก้าว สองก้าวไม่เป็นไร คอนเสิร์ต นี่ซิ หมอบอกว่าต้องผ่า ช่วงสงกรานต์ เค้ารับงานคอนเสิร์ตไว้เยอะมาก ก็ยังคุยกันอยู่เลยว่าถ้าต้องผ่าจริงๆ ก็ไม่เป็นไร ขึ้นรถเข็น ไปเล่นคอนเสิร์ตละกัน เท่ดี ช่างมัน ก็บอกเค้าไป เพราะว่าเค้าเครียด พอเจออย่างนี้ งานก็รับไว้แล้ว ความรับผิดชอบมันก็มี ก็ต้องทำ แต่ตอนนี้โชคดีแล้วที่ไม่ต้องเข็นรถเข็นไปเล่นคอนเสิร์ต อย่าซ่าให้มันมาก อย่าเต้นอย่ากระโดด ให้เอาแดนเซอร์ไปเต้นแทน กังวลมั้ยที่เค้าป่วยต่อกันเลย? งงมาก ไม่เข้าใจเหมือนกันว่าทำไมบอบบางขนาดนี้ หนูไม่เป็นอะไรเลย ตกส้นสูงยังงัดข้อเท้าขึ้นมาได้ ของเค้าทำไมอะไหล่พังง่าย หนูก็ไม่รู้ เค้าต้องเริ่มจากการดูแลตัวเองก่อน อย่าหวังให้คนอื่นดูแลเราเนอะ มีอะไรให้เราช่วยเหลือได้เราก็จะช่วยเหลือค่ะ เค้ามีลืมเซฟตัวเองเวลาเล่นคอนเสิร์ตมั้ย? ไม่ค่ะ เราก็จะเตือนว่า อย่ากระโดดนะ ห้ามมันเกินไปเราไปคอมเมนต์ ไอจีจัสตินบีเบอร์ จนถูกป๊อกแซว? ใช่ค่ะ ชอบจัสติน บีเบอร์มาก ซึ่งหนูถ่ายละครพอดี แล้วเห็นจัสติน ไลฟ์ เลยขอตัวไปเข้าห้องน้ำ เพื่อไปดูจัสติน เลยคอมเมนต์ และไม่คิดว่าจะมีใครเห็น น้องก็ต้องเรียนอยู่ เพื่อนก็ต้องทำงานถ่ายละครไม่ใช่ช่วงพักกินข้าว ต้องไม่มีใครเห็น ปรากฎว่า เห็นกันทั้งบ้านทั้งเมือง ทั้งน้องสาว ทั้งพี่ป๊อก แคปเอาไว้ ก็ไม่คิดว่าเค้าจะแคปมาแซวลงไอจี ยอมรับว่าเขินเหมือนกัน แต่เราชอบอะ ซึ่งเค้าก็บอกว่า ยูก็ได้แฟนเป็นจัสตินนะ แต่เป็นแบบไชนีส เค้าก็สักเหมือนกัน ก็ตลกๆ เค้าก็ไม่มีหึง ซึ่งเค้าก็รู้อยู่แล้วว่าเราชอบ ก็อยากไปดูคอนเสิร์ตจัสตินเหมือนกัน แต่ติดงาน ซึ่งตอนมาเมืองไทยก็มีโอกาสได้ไปดูค่ะ.,มาร์กี้ ราศรี เผยป๊อก ภัสสรกรณ์ ต้องทำกายภาพบำบัดอาทิตย์ละ 4 วัน หลังเอ็นสะโพกฉีก เผยต้องเดินช้าๆ ถ้าเดินเร็วต้องใช้ไม้เท้าช่วย บอกอีกฝ่ายเครียด เพราะรับงานคอนเสิร์ตเยอะ เขินถูกป๊อกแซว ไปคอมเมนต์ไลฟ์ ในไอจีจัสติน บีเบอร์,"ป๊อก ภัสสร และเพื่อนสนิทของเขามองว่าตัวเองกำลังเผชิญกับความยากลำบากในการรักษาสุขภาพอย่างยั่งยืน, แต่พวกเขายังคงทำหน้าที่ตามงาน. มีการอภิปรายเรื่องของความชอบในศิลปินจัสตินบีเบอร์ผ่านทางไอจี, และมีการแซวจากป๊อกที่ให้เห็นถึงความเขินใจอย่างหนึ่ง.",0.7114458680152893,0.711876392364502,0.7116611003875732
19,ตำรวจจังหวัดปัตตานีตั้งด่านตรวจเข้มบนเส้นทางเข้าสู่ตัวเมืองปัตตานี โดยเน้นการตรวจรถยนต์และรถจักรยานยนต์ต้องสงสัย หลังได้รับรายงานคนร้ายซุกซ่อนระเบิดไว้ในรถยนต์นิสสันเอ็นวีสีขาว ป้ายทะเบียนสงขลา รถยนต์อีซูซุ 4 ประตู และ รถจักรยานยนต์ฮอนดาเวฟสีดำอีก 2 คัน ซึ่งรถทั้ง 4 คัน ยังไม่ทราบหมายเลขทะเบียน และ คนร้ายอยู่ระหว่างหาสถานที่ก่อเหตุ โดยมุ่งเป้าสถานที่ราชการ สถานบันเทิง และ ย่านชุมชนพล.ต.ต.พิเชษฐ์ ปิติเศรษฐพันธ์ ผู้บังคับการตำรวจภูธรจังหวัดปัตตานี เปิดเผยว่า ได้สั่งให้ตำรวจทุกพื้นที่เพิ่มความเข้มงวดในการตรวจตรายานพาหนะทุกชนิด และ เร่งติดตามความเคลื่อนไหวของกลุ่มคนร้าย โดยให้ตั้งจุดตรวจตามเส้นทางที่คาดว่า คนร้ายจะใช้เป็นเส้นทางในการเคลื่อนย้ายวัตถุระเบิด ในขณะเดียวกันได้ขอความร่วมมือจากประชาชนช่วยเป็นหูเป็นตาหากพบวัตถุต้องสงสัย หรือ ยานพาหนะ ตามเป้าหมายให้รีบแจ้งเจ้าหน้าที่ทันทีและเมื่อเวลาประมาณ 21.00 น.คนร้ายได้ใช้เครื่องยิงลูกระเบิดขนาดเอ็ม 79 ยิงใส่หน้าสถานีตำรวจภูธรหนองจิก จังหวัดปัตตานี จำนวน 2 นัด แต่ลูกระเบิดตกบริเวณด้านข้างหน้าและด้านข้างโรงพัก ริมถนนสายปัตตานี - หาดใหญ่ แต่ไม่มีผู้ได้รับบาดเจ็บ , เจ้าหน้าที่ฝ่ายความมั่นคงในจังหวัดปัตตานี เพิ่มความเข้มงวดในการรักษาความปลอดภัยสถานที่สำคัญและย่านชุมชน หลังได้มีรายงานข่าวว่า กลุ่มคนร้ายซุกซ่อนระเบิดในรถยนต์และรถจักรยานยนต์รวม 4 คันเพื่อเตรียมก่อเหตุในพื้นที่อำเภอเมือง,"ตำรวจจังหวัดปัตตานีตรวจสกุลรถยนต์และรถจักรยานยนต์ในเมืองปัตตานี, เน้นหาคนร้ายที่ซุกซ่อนระเบิด. คนร้ายคาดว่าจะใช้สถานราชการ, สถานบันเทิง และชุมชนเป็นเป้าหมาย. พล.ต.ต.พิเชษฐ์สั่งเพิ่มการตรวจตรายานพาหนะและเร่งติดตามคนร้าย. เจ้าหน้าที่ขอความช่วยเหลือจากประชาชนในการแจ้งเหตุ. ถึงเวลา 21.00, คนร้ายใช้ลูกระเบิดขนาดเอ็ม 79 ยิงใส่สถานีตำรวจภูธรหนองจิก, แต่ไม่มีผู้ได้รับบาดเจ็บ.",0.7349832057952881,0.7730103135108948,0.7535173892974854
